2026-09-12 04:52:49,986 WARNING stage_2_train.csv contained 24 fully-duplicated (ID, Label) row(s) (4 unique sop_uid(s) affected); dropped as exact duplicates before pivoting -- see load_labels_wide comment for provenance. This is a pre-existing RSNA release data quirk, not introduced by this pipeline.
2026-09-12 04:52:51,824 INFO using cached patient index at data/rsna/rsna-intracranial-hemorrhage-detection/patient_index_cache.parquet
2026-09-12 04:52:54,246 INFO excluded 10088 slice(s) belonging to 191 RSNA patient(s) confirmed to overlap with BHSD (of 191 requested exclusion ids); 742715 slices remain
2026-09-12 04:53:02,947 WARNING stage_2_train.csv contained 24 fully-duplicated (ID, Label) row(s) (4 unique sop_uid(s) affected); dropped as exact duplicates before pivoting -- see load_labels_wide comment for provenance. This is a pre-existing RSNA release data quirk, not introduced by this pipeline.
2026-09-12 04:53:04,796 INFO using cached patient index at data/rsna/rsna-intracranial-hemorrhage-detection/patient_index_cache.parquet
2026-09-12 04:53:07,221 INFO excluded 10088 slice(s) belonging to 191 RSNA patient(s) confirmed to overlap with BHSD (of 191 requested exclusion ids); 742715 slices remain
/home/fcse.santoshkumar/ich_windowing/ich_gen/datasets/common.py:171: UserWarning: The given NumPy array is not writable, and PyTorch does not support non-writable tensors. This means writing to this tensor will result in undefined behavior. You may want to copy the array to protect its data or make it writable before converting it to a tensor. This type of warning will be suppressed for the rest of this program. (Triggered internally at /__w/pytorch/pytorch/torch/csrc/utils/tensor_numpy.cpp:213.)
  labels = torch.from_numpy(s.labels)
/home/fcse.santoshkumar/ich_windowing/ich_gen/datasets/common.py:171: UserWarning: The given NumPy array is not writable, and PyTorch does not support non-writable tensors. This means writing to this tensor will result in undefined behavior. You may want to copy the array to protect its data or make it writable before converting it to a tensor. This type of warning will be suppressed for the rest of this program. (Triggered internally at /__w/pytorch/pytorch/torch/csrc/utils/tensor_numpy.cpp:213.)
  labels = torch.from_numpy(s.labels)
/home/fcse.santoshkumar/ich_windowing/ich_gen/datasets/common.py:171: UserWarning: The given NumPy array is not writable, and PyTorch does not support non-writable tensors. This means writing to this tensor will result in undefined behavior. You may want to copy the array to protect its data or make it writable before converting it to a tensor. This type of warning will be suppressed for the rest of this program. (Triggered internally at /__w/pytorch/pytorch/torch/csrc/utils/tensor_numpy.cpp:213.)
  labels = torch.from_numpy(s.labels)
/home/fcse.santoshkumar/ich_windowing/ich_gen/datasets/common.py:171: UserWarning: The given NumPy array is not writable, and PyTorch does not support non-writable tensors. This means writing to this tensor will result in undefined behavior. You may want to copy the array to protect its data or make it writable before converting it to a tensor. This type of warning will be suppressed for the rest of this program. (Triggered internally at /__w/pytorch/pytorch/torch/csrc/utils/tensor_numpy.cpp:213.)
  labels = torch.from_numpy(s.labels)
/home/fcse.santoshkumar/ich_windowing/ich_gen/datasets/common.py:171: UserWarning: The given NumPy array is not writable, and PyTorch does not support non-writable tensors. This means writing to this tensor will result in undefined behavior. You may want to copy the array to protect its data or make it writable before converting it to a tensor. This type of warning will be suppressed for the rest of this program. (Triggered internally at /__w/pytorch/pytorch/torch/csrc/utils/tensor_numpy.cpp:213.)
  labels = torch.from_numpy(s.labels)
/home/fcse.santoshkumar/ich_windowing/ich_gen/datasets/common.py:171: UserWarning: The given NumPy array is not writable, and PyTorch does not support non-writable tensors. This means writing to this tensor will result in undefined behavior. You may want to copy the array to protect its data or make it writable before converting it to a tensor. This type of warning will be suppressed for the rest of this program. (Triggered internally at /__w/pytorch/pytorch/torch/csrc/utils/tensor_numpy.cpp:213.)
  labels = torch.from_numpy(s.labels)
/home/fcse.santoshkumar/ich_windowing/ich_gen/datasets/common.py:171: UserWarning: The given NumPy array is not writable, and PyTorch does not support non-writable tensors. This means writing to this tensor will result in undefined behavior. You may want to copy the array to protect its data or make it writable before converting it to a tensor. This type of warning will be suppressed for the rest of this program. (Triggered internally at /__w/pytorch/pytorch/torch/csrc/utils/tensor_numpy.cpp:213.)
  labels = torch.from_numpy(s.labels)
/home/fcse.santoshkumar/ich_windowing/ich_gen/datasets/common.py:171: UserWarning: The given NumPy array is not writable, and PyTorch does not support non-writable tensors. This means writing to this tensor will result in undefined behavior. You may want to copy the array to protect its data or make it writable before converting it to a tensor. This type of warning will be suppressed for the rest of this program. (Triggered internally at /__w/pytorch/pytorch/torch/csrc/utils/tensor_numpy.cpp:213.)
  labels = torch.from_numpy(s.labels)
/home/fcse.santoshkumar/ich_windowing/ich_gen/datasets/common.py:171: UserWarning: The given NumPy array is not writable, and PyTorch does not support non-writable tensors. This means writing to this tensor will result in undefined behavior. You may want to copy the array to protect its data or make it writable before converting it to a tensor. This type of warning will be suppressed for the rest of this program. (Triggered internally at /__w/pytorch/pytorch/torch/csrc/utils/tensor_numpy.cpp:213.)
  labels = torch.from_numpy(s.labels)
/home/fcse.santoshkumar/ich_windowing/ich_gen/datasets/common.py:171: UserWarning: The given NumPy array is not writable, and PyTorch does not support non-writable tensors. This means writing to this tensor will result in undefined behavior. You may want to copy the array to protect its data or make it writable before converting it to a tensor. This type of warning will be suppressed for the rest of this program. (Triggered internally at /__w/pytorch/pytorch/torch/csrc/utils/tensor_numpy.cpp:213.)
  labels = torch.from_numpy(s.labels)
/home/fcse.santoshkumar/ich_windowing/ich_gen/datasets/common.py:171: UserWarning: The given NumPy array is not writable, and PyTorch does not support non-writable tensors. This means writing to this tensor will result in undefined behavior. You may want to copy the array to protect its data or make it writable before converting it to a tensor. This type of warning will be suppressed for the rest of this program. (Triggered internally at /__w/pytorch/pytorch/torch/csrc/utils/tensor_numpy.cpp:213.)
  labels = torch.from_numpy(s.labels)
/home/fcse.santoshkumar/ich_windowing/ich_gen/datasets/common.py:171: UserWarning: The given NumPy array is not writable, and PyTorch does not support non-writable tensors. This means writing to this tensor will result in undefined behavior. You may want to copy the array to protect its data or make it writable before converting it to a tensor. This type of warning will be suppressed for the rest of this program. (Triggered internally at /__w/pytorch/pytorch/torch/csrc/utils/tensor_numpy.cpp:213.)
  labels = torch.from_numpy(s.labels)
/home/fcse.santoshkumar/ich_windowing/ich_gen/datasets/common.py:171: UserWarning: The given NumPy array is not writable, and PyTorch does not support non-writable tensors. This means writing to this tensor will result in undefined behavior. You may want to copy the array to protect its data or make it writable before converting it to a tensor. This type of warning will be suppressed for the rest of this program. (Triggered internally at /__w/pytorch/pytorch/torch/csrc/utils/tensor_numpy.cpp:213.)
  labels = torch.from_numpy(s.labels)
/home/fcse.santoshkumar/ich_windowing/ich_gen/datasets/common.py:171: UserWarning: The given NumPy array is not writable, and PyTorch does not support non-writable tensors. This means writing to this tensor will result in undefined behavior. You may want to copy the array to protect its data or make it writable before converting it to a tensor. This type of warning will be suppressed for the rest of this program. (Triggered internally at /__w/pytorch/pytorch/torch/csrc/utils/tensor_numpy.cpp:213.)
  labels = torch.from_numpy(s.labels)
/home/fcse.santoshkumar/ich_windowing/ich_gen/datasets/common.py:171: UserWarning: The given NumPy array is not writable, and PyTorch does not support non-writable tensors. This means writing to this tensor will result in undefined behavior. You may want to copy the array to protect its data or make it writable before converting it to a tensor. This type of warning will be suppressed for the rest of this program. (Triggered internally at /__w/pytorch/pytorch/torch/csrc/utils/tensor_numpy.cpp:213.)
  labels = torch.from_numpy(s.labels)
/home/fcse.santoshkumar/ich_windowing/ich_gen/datasets/common.py:171: UserWarning: The given NumPy array is not writable, and PyTorch does not support non-writable tensors. This means writing to this tensor will result in undefined behavior. You may want to copy the array to protect its data or make it writable before converting it to a tensor. This type of warning will be suppressed for the rest of this program. (Triggered internally at /__w/pytorch/pytorch/torch/csrc/utils/tensor_numpy.cpp:213.)
  labels = torch.from_numpy(s.labels)
/home/fcse.santoshkumar/ich_windowing/ich_gen/datasets/common.py:171: UserWarning: The given NumPy array is not writable, and PyTorch does not support non-writable tensors. This means writing to this tensor will result in undefined behavior. You may want to copy the array to protect its data or make it writable before converting it to a tensor. This type of warning will be suppressed for the rest of this program. (Triggered internally at /__w/pytorch/pytorch/torch/csrc/utils/tensor_numpy.cpp:213.)
  labels = torch.from_numpy(s.labels)
/home/fcse.santoshkumar/ich_windowing/ich_gen/datasets/common.py:171: UserWarning: The given NumPy array is not writable, and PyTorch does not support non-writable tensors. This means writing to this tensor will result in undefined behavior. You may want to copy the array to protect its data or make it writable before converting it to a tensor. This type of warning will be suppressed for the rest of this program. (Triggered internally at /__w/pytorch/pytorch/torch/csrc/utils/tensor_numpy.cpp:213.)
  labels = torch.from_numpy(s.labels)
/home/fcse.santoshkumar/ich_windowing/ich_gen/datasets/common.py:171: UserWarning: The given NumPy array is not writable, and PyTorch does not support non-writable tensors. This means writing to this tensor will result in undefined behavior. You may want to copy the array to protect its data or make it writable before converting it to a tensor. This type of warning will be suppressed for the rest of this program. (Triggered internally at /__w/pytorch/pytorch/torch/csrc/utils/tensor_numpy.cpp:213.)
  labels = torch.from_numpy(s.labels)
/home/fcse.santoshkumar/ich_windowing/ich_gen/datasets/common.py:171: UserWarning: The given NumPy array is not writable, and PyTorch does not support non-writable tensors. This means writing to this tensor will result in undefined behavior. You may want to copy the array to protect its data or make it writable before converting it to a tensor. This type of warning will be suppressed for the rest of this program. (Triggered internally at /__w/pytorch/pytorch/torch/csrc/utils/tensor_numpy.cpp:213.)
  labels = torch.from_numpy(s.labels)
/home/fcse.santoshkumar/ich_windowing/ich_gen/datasets/common.py:171: UserWarning: The given NumPy array is not writable, and PyTorch does not support non-writable tensors. This means writing to this tensor will result in undefined behavior. You may want to copy the array to protect its data or make it writable before converting it to a tensor. This type of warning will be suppressed for the rest of this program. (Triggered internally at /__w/pytorch/pytorch/torch/csrc/utils/tensor_numpy.cpp:213.)
  labels = torch.from_numpy(s.labels)
/home/fcse.santoshkumar/ich_windowing/ich_gen/datasets/common.py:171: UserWarning: The given NumPy array is not writable, and PyTorch does not support non-writable tensors. This means writing to this tensor will result in undefined behavior. You may want to copy the array to protect its data or make it writable before converting it to a tensor. This type of warning will be suppressed for the rest of this program. (Triggered internally at /__w/pytorch/pytorch/torch/csrc/utils/tensor_numpy.cpp:213.)
  labels = torch.from_numpy(s.labels)
/home/fcse.santoshkumar/ich_windowing/ich_gen/datasets/common.py:171: UserWarning: The given NumPy array is not writable, and PyTorch does not support non-writable tensors. This means writing to this tensor will result in undefined behavior. You may want to copy the array to protect its data or make it writable before converting it to a tensor. This type of warning will be suppressed for the rest of this program. (Triggered internally at /__w/pytorch/pytorch/torch/csrc/utils/tensor_numpy.cpp:213.)
  labels = torch.from_numpy(s.labels)
/home/fcse.santoshkumar/ich_windowing/ich_gen/datasets/common.py:171: UserWarning: The given NumPy array is not writable, and PyTorch does not support non-writable tensors. This means writing to this tensor will result in undefined behavior. You may want to copy the array to protect its data or make it writable before converting it to a tensor. This type of warning will be suppressed for the rest of this program. (Triggered internally at /__w/pytorch/pytorch/torch/csrc/utils/tensor_numpy.cpp:213.)
  labels = torch.from_numpy(s.labels)
/home/fcse.santoshkumar/ich_windowing/ich_gen/datasets/common.py:171: UserWarning: The given NumPy array is not writable, and PyTorch does not support non-writable tensors. This means writing to this tensor will result in undefined behavior. You may want to copy the array to protect its data or make it writable before converting it to a tensor. This type of warning will be suppressed for the rest of this program. (Triggered internally at /__w/pytorch/pytorch/torch/csrc/utils/tensor_numpy.cpp:213.)
  labels = torch.from_numpy(s.labels)
/home/fcse.santoshkumar/ich_windowing/ich_gen/datasets/common.py:171: UserWarning: The given NumPy array is not writable, and PyTorch does not support non-writable tensors. This means writing to this tensor will result in undefined behavior. You may want to copy the array to protect its data or make it writable before converting it to a tensor. This type of warning will be suppressed for the rest of this program. (Triggered internally at /__w/pytorch/pytorch/torch/csrc/utils/tensor_numpy.cpp:213.)
  labels = torch.from_numpy(s.labels)
/home/fcse.santoshkumar/ich_windowing/ich_gen/datasets/common.py:171: UserWarning: The given NumPy array is not writable, and PyTorch does not support non-writable tensors. This means writing to this tensor will result in undefined behavior. You may want to copy the array to protect its data or make it writable before converting it to a tensor. This type of warning will be suppressed for the rest of this program. (Triggered internally at /__w/pytorch/pytorch/torch/csrc/utils/tensor_numpy.cpp:213.)
  labels = torch.from_numpy(s.labels)
/home/fcse.santoshkumar/ich_windowing/ich_gen/datasets/common.py:171: UserWarning: The given NumPy array is not writable, and PyTorch does not support non-writable tensors. This means writing to this tensor will result in undefined behavior. You may want to copy the array to protect its data or make it writable before converting it to a tensor. This type of warning will be suppressed for the rest of this program. (Triggered internally at /__w/pytorch/pytorch/torch/csrc/utils/tensor_numpy.cpp:213.)
  labels = torch.from_numpy(s.labels)
/home/fcse.santoshkumar/ich_windowing/ich_gen/datasets/common.py:171: UserWarning: The given NumPy array is not writable, and PyTorch does not support non-writable tensors. This means writing to this tensor will result in undefined behavior. You may want to copy the array to protect its data or make it writable before converting it to a tensor. This type of warning will be suppressed for the rest of this program. (Triggered internally at /__w/pytorch/pytorch/torch/csrc/utils/tensor_numpy.cpp:213.)
  labels = torch.from_numpy(s.labels)
/home/fcse.santoshkumar/ich_windowing/ich_gen/datasets/common.py:171: UserWarning: The given NumPy array is not writable, and PyTorch does not support non-writable tensors. This means writing to this tensor will result in undefined behavior. You may want to copy the array to protect its data or make it writable before converting it to a tensor. This type of warning will be suppressed for the rest of this program. (Triggered internally at /__w/pytorch/pytorch/torch/csrc/utils/tensor_numpy.cpp:213.)
  labels = torch.from_numpy(s.labels)
/home/fcse.santoshkumar/ich_windowing/ich_gen/datasets/common.py:171: UserWarning: The given NumPy array is not writable, and PyTorch does not support non-writable tensors. This means writing to this tensor will result in undefined behavior. You may want to copy the array to protect its data or make it writable before converting it to a tensor. This type of warning will be suppressed for the rest of this program. (Triggered internally at /__w/pytorch/pytorch/torch/csrc/utils/tensor_numpy.cpp:213.)
  labels = torch.from_numpy(s.labels)
/home/fcse.santoshkumar/ich_windowing/ich_gen/datasets/common.py:171: UserWarning: The given NumPy array is not writable, and PyTorch does not support non-writable tensors. This means writing to this tensor will result in undefined behavior. You may want to copy the array to protect its data or make it writable before converting it to a tensor. This type of warning will be suppressed for the rest of this program. (Triggered internally at /__w/pytorch/pytorch/torch/csrc/utils/tensor_numpy.cpp:213.)
  labels = torch.from_numpy(s.labels)
/home/fcse.santoshkumar/ich_windowing/ich_gen/datasets/common.py:171: UserWarning: The given NumPy array is not writable, and PyTorch does not support non-writable tensors. This means writing to this tensor will result in undefined behavior. You may want to copy the array to protect its data or make it writable before converting it to a tensor. This type of warning will be suppressed for the rest of this program. (Triggered internally at /__w/pytorch/pytorch/torch/csrc/utils/tensor_numpy.cpp:213.)
  labels = torch.from_numpy(s.labels)
/home/fcse.santoshkumar/ich_windowing/ich_gen/datasets/common.py:171: UserWarning: The given NumPy array is not writable, and PyTorch does not support non-writable tensors. This means writing to this tensor will result in undefined behavior. You may want to copy the array to protect its data or make it writable before converting it to a tensor. This type of warning will be suppressed for the rest of this program. (Triggered internally at /__w/pytorch/pytorch/torch/csrc/utils/tensor_numpy.cpp:213.)
  labels = torch.from_numpy(s.labels)
/home/fcse.santoshkumar/ich_windowing/ich_gen/datasets/common.py:171: UserWarning: The given NumPy array is not writable, and PyTorch does not support non-writable tensors. This means writing to this tensor will result in undefined behavior. You may want to copy the array to protect its data or make it writable before converting it to a tensor. This type of warning will be suppressed for the rest of this program. (Triggered internally at /__w/pytorch/pytorch/torch/csrc/utils/tensor_numpy.cpp:213.)
  labels = torch.from_numpy(s.labels)
/home/fcse.santoshkumar/ich_windowing/ich_gen/datasets/common.py:171: UserWarning: The given NumPy array is not writable, and PyTorch does not support non-writable tensors. This means writing to this tensor will result in undefined behavior. You may want to copy the array to protect its data or make it writable before converting it to a tensor. This type of warning will be suppressed for the rest of this program. (Triggered internally at /__w/pytorch/pytorch/torch/csrc/utils/tensor_numpy.cpp:213.)
  labels = torch.from_numpy(s.labels)
/home/fcse.santoshkumar/ich_windowing/ich_gen/datasets/common.py:171: UserWarning: The given NumPy array is not writable, and PyTorch does not support non-writable tensors. This means writing to this tensor will result in undefined behavior. You may want to copy the array to protect its data or make it writable before converting it to a tensor. This type of warning will be suppressed for the rest of this program. (Triggered internally at /__w/pytorch/pytorch/torch/csrc/utils/tensor_numpy.cpp:213.)
  labels = torch.from_numpy(s.labels)
/home/fcse.santoshkumar/ich_windowing/ich_gen/datasets/common.py:171: UserWarning: The given NumPy array is not writable, and PyTorch does not support non-writable tensors. This means writing to this tensor will result in undefined behavior. You may want to copy the array to protect its data or make it writable before converting it to a tensor. This type of warning will be suppressed for the rest of this program. (Triggered internally at /__w/pytorch/pytorch/torch/csrc/utils/tensor_numpy.cpp:213.)
  labels = torch.from_numpy(s.labels)
/home/fcse.santoshkumar/ich_windowing/ich_gen/datasets/common.py:171: UserWarning: The given NumPy array is not writable, and PyTorch does not support non-writable tensors. This means writing to this tensor will result in undefined behavior. You may want to copy the array to protect its data or make it writable before converting it to a tensor. This type of warning will be suppressed for the rest of this program. (Triggered internally at /__w/pytorch/pytorch/torch/csrc/utils/tensor_numpy.cpp:213.)
  labels = torch.from_numpy(s.labels)
/home/fcse.santoshkumar/ich_windowing/ich_gen/datasets/common.py:171: UserWarning: The given NumPy array is not writable, and PyTorch does not support non-writable tensors. This means writing to this tensor will result in undefined behavior. You may want to copy the array to protect its data or make it writable before converting it to a tensor. This type of warning will be suppressed for the rest of this program. (Triggered internally at /__w/pytorch/pytorch/torch/csrc/utils/tensor_numpy.cpp:213.)
  labels = torch.from_numpy(s.labels)
/home/fcse.santoshkumar/ich_windowing/ich_gen/datasets/common.py:171: UserWarning: The given NumPy array is not writable, and PyTorch does not support non-writable tensors. This means writing to this tensor will result in undefined behavior. You may want to copy the array to protect its data or make it writable before converting it to a tensor. This type of warning will be suppressed for the rest of this program. (Triggered internally at /__w/pytorch/pytorch/torch/csrc/utils/tensor_numpy.cpp:213.)
  labels = torch.from_numpy(s.labels)
/home/fcse.santoshkumar/ich_windowing/ich_gen/datasets/common.py:171: UserWarning: The given NumPy array is not writable, and PyTorch does not support non-writable tensors. This means writing to this tensor will result in undefined behavior. You may want to copy the array to protect its data or make it writable before converting it to a tensor. This type of warning will be suppressed for the rest of this program. (Triggered internally at /__w/pytorch/pytorch/torch/csrc/utils/tensor_numpy.cpp:213.)
  labels = torch.from_numpy(s.labels)
/home/fcse.santoshkumar/ich_windowing/ich_gen/datasets/common.py:171: UserWarning: The given NumPy array is not writable, and PyTorch does not support non-writable tensors. This means writing to this tensor will result in undefined behavior. You may want to copy the array to protect its data or make it writable before converting it to a tensor. This type of warning will be suppressed for the rest of this program. (Triggered internally at /__w/pytorch/pytorch/torch/csrc/utils/tensor_numpy.cpp:213.)
  labels = torch.from_numpy(s.labels)
/home/fcse.santoshkumar/ich_windowing/ich_gen/datasets/common.py:171: UserWarning: The given NumPy array is not writable, and PyTorch does not support non-writable tensors. This means writing to this tensor will result in undefined behavior. You may want to copy the array to protect its data or make it writable before converting it to a tensor. This type of warning will be suppressed for the rest of this program. (Triggered internally at /__w/pytorch/pytorch/torch/csrc/utils/tensor_numpy.cpp:213.)
  labels = torch.from_numpy(s.labels)
/home/fcse.santoshkumar/ich_windowing/ich_gen/datasets/common.py:171: UserWarning: The given NumPy array is not writable, and PyTorch does not support non-writable tensors. This means writing to this tensor will result in undefined behavior. You may want to copy the array to protect its data or make it writable before converting it to a tensor. This type of warning will be suppressed for the rest of this program. (Triggered internally at /__w/pytorch/pytorch/torch/csrc/utils/tensor_numpy.cpp:213.)
  labels = torch.from_numpy(s.labels)
/home/fcse.santoshkumar/ich_windowing/ich_gen/datasets/common.py:171: UserWarning: The given NumPy array is not writable, and PyTorch does not support non-writable tensors. This means writing to this tensor will result in undefined behavior. You may want to copy the array to protect its data or make it writable before converting it to a tensor. This type of warning will be suppressed for the rest of this program. (Triggered internally at /__w/pytorch/pytorch/torch/csrc/utils/tensor_numpy.cpp:213.)
  labels = torch.from_numpy(s.labels)
/home/fcse.santoshkumar/ich_windowing/ich_gen/datasets/common.py:171: UserWarning: The given NumPy array is not writable, and PyTorch does not support non-writable tensors. This means writing to this tensor will result in undefined behavior. You may want to copy the array to protect its data or make it writable before converting it to a tensor. This type of warning will be suppressed for the rest of this program. (Triggered internally at /__w/pytorch/pytorch/torch/csrc/utils/tensor_numpy.cpp:213.)
  labels = torch.from_numpy(s.labels)
/home/fcse.santoshkumar/ich_windowing/ich_gen/datasets/common.py:171: UserWarning: The given NumPy array is not writable, and PyTorch does not support non-writable tensors. This means writing to this tensor will result in undefined behavior. You may want to copy the array to protect its data or make it writable before converting it to a tensor. This type of warning will be suppressed for the rest of this program. (Triggered internally at /__w/pytorch/pytorch/torch/csrc/utils/tensor_numpy.cpp:213.)
  labels = torch.from_numpy(s.labels)
/home/fcse.santoshkumar/ich_windowing/ich_gen/datasets/common.py:171: UserWarning: The given NumPy array is not writable, and PyTorch does not support non-writable tensors. This means writing to this tensor will result in undefined behavior. You may want to copy the array to protect its data or make it writable before converting it to a tensor. This type of warning will be suppressed for the rest of this program. (Triggered internally at /__w/pytorch/pytorch/torch/csrc/utils/tensor_numpy.cpp:213.)
  labels = torch.from_numpy(s.labels)
/home/fcse.santoshkumar/ich_windowing/ich_gen/datasets/common.py:171: UserWarning: The given NumPy array is not writable, and PyTorch does not support non-writable tensors. This means writing to this tensor will result in undefined behavior. You may want to copy the array to protect its data or make it writable before converting it to a tensor. This type of warning will be suppressed for the rest of this program. (Triggered internally at /__w/pytorch/pytorch/torch/csrc/utils/tensor_numpy.cpp:213.)
  labels = torch.from_numpy(s.labels)
/home/fcse.santoshkumar/ich_windowing/ich_gen/datasets/common.py:171: UserWarning: The given NumPy array is not writable, and PyTorch does not support non-writable tensors. This means writing to this tensor will result in undefined behavior. You may want to copy the array to protect its data or make it writable before converting it to a tensor. This type of warning will be suppressed for the rest of this program. (Triggered internally at /__w/pytorch/pytorch/torch/csrc/utils/tensor_numpy.cpp:213.)
  labels = torch.from_numpy(s.labels)
/home/fcse.santoshkumar/ich_windowing/ich_gen/datasets/common.py:171: UserWarning: The given NumPy array is not writable, and PyTorch does not support non-writable tensors. This means writing to this tensor will result in undefined behavior. You may want to copy the array to protect its data or make it writable before converting it to a tensor. This type of warning will be suppressed for the rest of this program. (Triggered internally at /__w/pytorch/pytorch/torch/csrc/utils/tensor_numpy.cpp:213.)
  labels = torch.from_numpy(s.labels)
/home/fcse.santoshkumar/ich_windowing/ich_gen/datasets/common.py:171: UserWarning: The given NumPy array is not writable, and PyTorch does not support non-writable tensors. This means writing to this tensor will result in undefined behavior. You may want to copy the array to protect its data or make it writable before converting it to a tensor. This type of warning will be suppressed for the rest of this program. (Triggered internally at /__w/pytorch/pytorch/torch/csrc/utils/tensor_numpy.cpp:213.)
  labels = torch.from_numpy(s.labels)
/home/fcse.santoshkumar/ich_windowing/ich_gen/datasets/common.py:171: UserWarning: The given NumPy array is not writable, and PyTorch does not support non-writable tensors. This means writing to this tensor will result in undefined behavior. You may want to copy the array to protect its data or make it writable before converting it to a tensor. This type of warning will be suppressed for the rest of this program. (Triggered internally at /__w/pytorch/pytorch/torch/csrc/utils/tensor_numpy.cpp:213.)
  labels = torch.from_numpy(s.labels)
/home/fcse.santoshkumar/ich_windowing/ich_gen/datasets/common.py:171: UserWarning: The given NumPy array is not writable, and PyTorch does not support non-writable tensors. This means writing to this tensor will result in undefined behavior. You may want to copy the array to protect its data or make it writable before converting it to a tensor. This type of warning will be suppressed for the rest of this program. (Triggered internally at /__w/pytorch/pytorch/torch/csrc/utils/tensor_numpy.cpp:213.)
  labels = torch.from_numpy(s.labels)
/home/fcse.santoshkumar/ich_windowing/ich_gen/datasets/common.py:171: UserWarning: The given NumPy array is not writable, and PyTorch does not support non-writable tensors. This means writing to this tensor will result in undefined behavior. You may want to copy the array to protect its data or make it writable before converting it to a tensor. This type of warning will be suppressed for the rest of this program. (Triggered internally at /__w/pytorch/pytorch/torch/csrc/utils/tensor_numpy.cpp:213.)
  labels = torch.from_numpy(s.labels)
/home/fcse.santoshkumar/ich_windowing/ich_gen/datasets/common.py:171: UserWarning: The given NumPy array is not writable, and PyTorch does not support non-writable tensors. This means writing to this tensor will result in undefined behavior. You may want to copy the array to protect its data or make it writable before converting it to a tensor. This type of warning will be suppressed for the rest of this program. (Triggered internally at /__w/pytorch/pytorch/torch/csrc/utils/tensor_numpy.cpp:213.)
  labels = torch.from_numpy(s.labels)
/home/fcse.santoshkumar/ich_windowing/ich_gen/datasets/common.py:171: UserWarning: The given NumPy array is not writable, and PyTorch does not support non-writable tensors. This means writing to this tensor will result in undefined behavior. You may want to copy the array to protect its data or make it writable before converting it to a tensor. This type of warning will be suppressed for the rest of this program. (Triggered internally at /__w/pytorch/pytorch/torch/csrc/utils/tensor_numpy.cpp:213.)
  labels = torch.from_numpy(s.labels)
/home/fcse.santoshkumar/ich_windowing/ich_gen/datasets/common.py:171: UserWarning: The given NumPy array is not writable, and PyTorch does not support non-writable tensors. This means writing to this tensor will result in undefined behavior. You may want to copy the array to protect its data or make it writable before converting it to a tensor. This type of warning will be suppressed for the rest of this program. (Triggered internally at /__w/pytorch/pytorch/torch/csrc/utils/tensor_numpy.cpp:213.)
  labels = torch.from_numpy(s.labels)
/home/fcse.santoshkumar/ich_windowing/ich_gen/datasets/common.py:171: UserWarning: The given NumPy array is not writable, and PyTorch does not support non-writable tensors. This means writing to this tensor will result in undefined behavior. You may want to copy the array to protect its data or make it writable before converting it to a tensor. This type of warning will be suppressed for the rest of this program. (Triggered internally at /__w/pytorch/pytorch/torch/csrc/utils/tensor_numpy.cpp:213.)
  labels = torch.from_numpy(s.labels)
/home/fcse.santoshkumar/ich_windowing/ich_gen/datasets/common.py:171: UserWarning: The given NumPy array is not writable, and PyTorch does not support non-writable tensors. This means writing to this tensor will result in undefined behavior. You may want to copy the array to protect its data or make it writable before converting it to a tensor. This type of warning will be suppressed for the rest of this program. (Triggered internally at /__w/pytorch/pytorch/torch/csrc/utils/tensor_numpy.cpp:213.)
  labels = torch.from_numpy(s.labels)
/home/fcse.santoshkumar/ich_windowing/ich_gen/datasets/common.py:171: UserWarning: The given NumPy array is not writable, and PyTorch does not support non-writable tensors. This means writing to this tensor will result in undefined behavior. You may want to copy the array to protect its data or make it writable before converting it to a tensor. This type of warning will be suppressed for the rest of this program. (Triggered internally at /__w/pytorch/pytorch/torch/csrc/utils/tensor_numpy.cpp:213.)
  labels = torch.from_numpy(s.labels)
/home/fcse.santoshkumar/ich_windowing/ich_gen/datasets/common.py:171: UserWarning: The given NumPy array is not writable, and PyTorch does not support non-writable tensors. This means writing to this tensor will result in undefined behavior. You may want to copy the array to protect its data or make it writable before converting it to a tensor. This type of warning will be suppressed for the rest of this program. (Triggered internally at /__w/pytorch/pytorch/torch/csrc/utils/tensor_numpy.cpp:213.)
  labels = torch.from_numpy(s.labels)
/home/fcse.santoshkumar/ich_windowing/ich_gen/datasets/common.py:171: UserWarning: The given NumPy array is not writable, and PyTorch does not support non-writable tensors. This means writing to this tensor will result in undefined behavior. You may want to copy the array to protect its data or make it writable before converting it to a tensor. This type of warning will be suppressed for the rest of this program. (Triggered internally at /__w/pytorch/pytorch/torch/csrc/utils/tensor_numpy.cpp:213.)
  labels = torch.from_numpy(s.labels)
/home/fcse.santoshkumar/ich_windowing/ich_gen/datasets/common.py:171: UserWarning: The given NumPy array is not writable, and PyTorch does not support non-writable tensors. This means writing to this tensor will result in undefined behavior. You may want to copy the array to protect its data or make it writable before converting it to a tensor. This type of warning will be suppressed for the rest of this program. (Triggered internally at /__w/pytorch/pytorch/torch/csrc/utils/tensor_numpy.cpp:213.)
  labels = torch.from_numpy(s.labels)
/home/fcse.santoshkumar/ich_windowing/ich_gen/datasets/common.py:171: UserWarning: The given NumPy array is not writable, and PyTorch does not support non-writable tensors. This means writing to this tensor will result in undefined behavior. You may want to copy the array to protect its data or make it writable before converting it to a tensor. This type of warning will be suppressed for the rest of this program. (Triggered internally at /__w/pytorch/pytorch/torch/csrc/utils/tensor_numpy.cpp:213.)
  labels = torch.from_numpy(s.labels)
/home/fcse.santoshkumar/ich_windowing/ich_gen/datasets/common.py:171: UserWarning: The given NumPy array is not writable, and PyTorch does not support non-writable tensors. This means writing to this tensor will result in undefined behavior. You may want to copy the array to protect its data or make it writable before converting it to a tensor. This type of warning will be suppressed for the rest of this program. (Triggered internally at /__w/pytorch/pytorch/torch/csrc/utils/tensor_numpy.cpp:213.)
  labels = torch.from_numpy(s.labels)
/home/fcse.santoshkumar/ich_windowing/ich_gen/datasets/common.py:171: UserWarning: The given NumPy array is not writable, and PyTorch does not support non-writable tensors. This means writing to this tensor will result in undefined behavior. You may want to copy the array to protect its data or make it writable before converting it to a tensor. This type of warning will be suppressed for the rest of this program. (Triggered internally at /__w/pytorch/pytorch/torch/csrc/utils/tensor_numpy.cpp:213.)
  labels = torch.from_numpy(s.labels)
/home/fcse.santoshkumar/ich_windowing/ich_gen/datasets/common.py:171: UserWarning: The given NumPy array is not writable, and PyTorch does not support non-writable tensors. This means writing to this tensor will result in undefined behavior. You may want to copy the array to protect its data or make it writable before converting it to a tensor. This type of warning will be suppressed for the rest of this program. (Triggered internally at /__w/pytorch/pytorch/torch/csrc/utils/tensor_numpy.cpp:213.)
  labels = torch.from_numpy(s.labels)
/home/fcse.santoshkumar/ich_windowing/ich_gen/datasets/common.py:171: UserWarning: The given NumPy array is not writable, and PyTorch does not support non-writable tensors. This means writing to this tensor will result in undefined behavior. You may want to copy the array to protect its data or make it writable before converting it to a tensor. This type of warning will be suppressed for the rest of this program. (Triggered internally at /__w/pytorch/pytorch/torch/csrc/utils/tensor_numpy.cpp:213.)
  labels = torch.from_numpy(s.labels)
/home/fcse.santoshkumar/ich_windowing/ich_gen/datasets/common.py:171: UserWarning: The given NumPy array is not writable, and PyTorch does not support non-writable tensors. This means writing to this tensor will result in undefined behavior. You may want to copy the array to protect its data or make it writable before converting it to a tensor. This type of warning will be suppressed for the rest of this program. (Triggered internally at /__w/pytorch/pytorch/torch/csrc/utils/tensor_numpy.cpp:213.)
  labels = torch.from_numpy(s.labels)
/home/fcse.santoshkumar/ich_windowing/ich_gen/datasets/common.py:171: UserWarning: The given NumPy array is not writable, and PyTorch does not support non-writable tensors. This means writing to this tensor will result in undefined behavior. You may want to copy the array to protect its data or make it writable before converting it to a tensor. This type of warning will be suppressed for the rest of this program. (Triggered internally at /__w/pytorch/pytorch/torch/csrc/utils/tensor_numpy.cpp:213.)
  labels = torch.from_numpy(s.labels)
/home/fcse.santoshkumar/ich_windowing/ich_gen/datasets/common.py:171: UserWarning: The given NumPy array is not writable, and PyTorch does not support non-writable tensors. This means writing to this tensor will result in undefined behavior. You may want to copy the array to protect its data or make it writable before converting it to a tensor. This type of warning will be suppressed for the rest of this program. (Triggered internally at /__w/pytorch/pytorch/torch/csrc/utils/tensor_numpy.cpp:213.)
  labels = torch.from_numpy(s.labels)
/home/fcse.santoshkumar/ich_windowing/ich_gen/datasets/common.py:171: UserWarning: The given NumPy array is not writable, and PyTorch does not support non-writable tensors. This means writing to this tensor will result in undefined behavior. You may want to copy the array to protect its data or make it writable before converting it to a tensor. This type of warning will be suppressed for the rest of this program. (Triggered internally at /__w/pytorch/pytorch/torch/csrc/utils/tensor_numpy.cpp:213.)
  labels = torch.from_numpy(s.labels)
/home/fcse.santoshkumar/ich_windowing/ich_gen/datasets/common.py:171: UserWarning: The given NumPy array is not writable, and PyTorch does not support non-writable tensors. This means writing to this tensor will result in undefined behavior. You may want to copy the array to protect its data or make it writable before converting it to a tensor. This type of warning will be suppressed for the rest of this program. (Triggered internally at /__w/pytorch/pytorch/torch/csrc/utils/tensor_numpy.cpp:213.)
  labels = torch.from_numpy(s.labels)
/home/fcse.santoshkumar/ich_windowing/ich_gen/datasets/common.py:171: UserWarning: The given NumPy array is not writable, and PyTorch does not support non-writable tensors. This means writing to this tensor will result in undefined behavior. You may want to copy the array to protect its data or make it writable before converting it to a tensor. This type of warning will be suppressed for the rest of this program. (Triggered internally at /__w/pytorch/pytorch/torch/csrc/utils/tensor_numpy.cpp:213.)
  labels = torch.from_numpy(s.labels)
/home/fcse.santoshkumar/ich_windowing/ich_gen/datasets/common.py:171: UserWarning: The given NumPy array is not writable, and PyTorch does not support non-writable tensors. This means writing to this tensor will result in undefined behavior. You may want to copy the array to protect its data or make it writable before converting it to a tensor. This type of warning will be suppressed for the rest of this program. (Triggered internally at /__w/pytorch/pytorch/torch/csrc/utils/tensor_numpy.cpp:213.)
  labels = torch.from_numpy(s.labels)
/home/fcse.santoshkumar/ich_windowing/ich_gen/datasets/common.py:171: UserWarning: The given NumPy array is not writable, and PyTorch does not support non-writable tensors. This means writing to this tensor will result in undefined behavior. You may want to copy the array to protect its data or make it writable before converting it to a tensor. This type of warning will be suppressed for the rest of this program. (Triggered internally at /__w/pytorch/pytorch/torch/csrc/utils/tensor_numpy.cpp:213.)
  labels = torch.from_numpy(s.labels)
/home/fcse.santoshkumar/ich_windowing/ich_gen/datasets/common.py:171: UserWarning: The given NumPy array is not writable, and PyTorch does not support non-writable tensors. This means writing to this tensor will result in undefined behavior. You may want to copy the array to protect its data or make it writable before converting it to a tensor. This type of warning will be suppressed for the rest of this program. (Triggered internally at /__w/pytorch/pytorch/torch/csrc/utils/tensor_numpy.cpp:213.)
  labels = torch.from_numpy(s.labels)
/home/fcse.santoshkumar/ich_windowing/ich_gen/datasets/common.py:171: UserWarning: The given NumPy array is not writable, and PyTorch does not support non-writable tensors. This means writing to this tensor will result in undefined behavior. You may want to copy the array to protect its data or make it writable before converting it to a tensor. This type of warning will be suppressed for the rest of this program. (Triggered internally at /__w/pytorch/pytorch/torch/csrc/utils/tensor_numpy.cpp:213.)
  labels = torch.from_numpy(s.labels)
/home/fcse.santoshkumar/ich_windowing/ich_gen/datasets/common.py:171: UserWarning: The given NumPy array is not writable, and PyTorch does not support non-writable tensors. This means writing to this tensor will result in undefined behavior. You may want to copy the array to protect its data or make it writable before converting it to a tensor. This type of warning will be suppressed for the rest of this program. (Triggered internally at /__w/pytorch/pytorch/torch/csrc/utils/tensor_numpy.cpp:213.)
  labels = torch.from_numpy(s.labels)
/home/fcse.santoshkumar/ich_windowing/ich_gen/datasets/common.py:171: UserWarning: The given NumPy array is not writable, and PyTorch does not support non-writable tensors. This means writing to this tensor will result in undefined behavior. You may want to copy the array to protect its data or make it writable before converting it to a tensor. This type of warning will be suppressed for the rest of this program. (Triggered internally at /__w/pytorch/pytorch/torch/csrc/utils/tensor_numpy.cpp:213.)
  labels = torch.from_numpy(s.labels)
/home/fcse.santoshkumar/ich_windowing/ich_gen/datasets/common.py:171: UserWarning: The given NumPy array is not writable, and PyTorch does not support non-writable tensors. This means writing to this tensor will result in undefined behavior. You may want to copy the array to protect its data or make it writable before converting it to a tensor. This type of warning will be suppressed for the rest of this program. (Triggered internally at /__w/pytorch/pytorch/torch/csrc/utils/tensor_numpy.cpp:213.)
  labels = torch.from_numpy(s.labels)
/home/fcse.santoshkumar/ich_windowing/ich_gen/datasets/common.py:171: UserWarning: The given NumPy array is not writable, and PyTorch does not support non-writable tensors. This means writing to this tensor will result in undefined behavior. You may want to copy the array to protect its data or make it writable before converting it to a tensor. This type of warning will be suppressed for the rest of this program. (Triggered internally at /__w/pytorch/pytorch/torch/csrc/utils/tensor_numpy.cpp:213.)
  labels = torch.from_numpy(s.labels)
/home/fcse.santoshkumar/ich_windowing/ich_gen/datasets/common.py:171: UserWarning: The given NumPy array is not writable, and PyTorch does not support non-writable tensors. This means writing to this tensor will result in undefined behavior. You may want to copy the array to protect its data or make it writable before converting it to a tensor. This type of warning will be suppressed for the rest of this program. (Triggered internally at /__w/pytorch/pytorch/torch/csrc/utils/tensor_numpy.cpp:213.)
  labels = torch.from_numpy(s.labels)
/home/fcse.santoshkumar/ich_windowing/ich_gen/datasets/common.py:171: UserWarning: The given NumPy array is not writable, and PyTorch does not support non-writable tensors. This means writing to this tensor will result in undefined behavior. You may want to copy the array to protect its data or make it writable before converting it to a tensor. This type of warning will be suppressed for the rest of this program. (Triggered internally at /__w/pytorch/pytorch/torch/csrc/utils/tensor_numpy.cpp:213.)
  labels = torch.from_numpy(s.labels)
/home/fcse.santoshkumar/ich_windowing/ich_gen/datasets/common.py:171: UserWarning: The given NumPy array is not writable, and PyTorch does not support non-writable tensors. This means writing to this tensor will result in undefined behavior. You may want to copy the array to protect its data or make it writable before converting it to a tensor. This type of warning will be suppressed for the rest of this program. (Triggered internally at /__w/pytorch/pytorch/torch/csrc/utils/tensor_numpy.cpp:213.)
  labels = torch.from_numpy(s.labels)
/home/fcse.santoshkumar/ich_windowing/ich_gen/datasets/common.py:171: UserWarning: The given NumPy array is not writable, and PyTorch does not support non-writable tensors. This means writing to this tensor will result in undefined behavior. You may want to copy the array to protect its data or make it writable before converting it to a tensor. This type of warning will be suppressed for the rest of this program. (Triggered internally at /__w/pytorch/pytorch/torch/csrc/utils/tensor_numpy.cpp:213.)
  labels = torch.from_numpy(s.labels)
/home/fcse.santoshkumar/ich_windowing/ich_gen/datasets/common.py:171: UserWarning: The given NumPy array is not writable, and PyTorch does not support non-writable tensors. This means writing to this tensor will result in undefined behavior. You may want to copy the array to protect its data or make it writable before converting it to a tensor. This type of warning will be suppressed for the rest of this program. (Triggered internally at /__w/pytorch/pytorch/torch/csrc/utils/tensor_numpy.cpp:213.)
  labels = torch.from_numpy(s.labels)
/home/fcse.santoshkumar/ich_windowing/ich_gen/datasets/common.py:171: UserWarning: The given NumPy array is not writable, and PyTorch does not support non-writable tensors. This means writing to this tensor will result in undefined behavior. You may want to copy the array to protect its data or make it writable before converting it to a tensor. This type of warning will be suppressed for the rest of this program. (Triggered internally at /__w/pytorch/pytorch/torch/csrc/utils/tensor_numpy.cpp:213.)
  labels = torch.from_numpy(s.labels)
/home/fcse.santoshkumar/ich_windowing/ich_gen/datasets/common.py:171: UserWarning: The given NumPy array is not writable, and PyTorch does not support non-writable tensors. This means writing to this tensor will result in undefined behavior. You may want to copy the array to protect its data or make it writable before converting it to a tensor. This type of warning will be suppressed for the rest of this program. (Triggered internally at /__w/pytorch/pytorch/torch/csrc/utils/tensor_numpy.cpp:213.)
  labels = torch.from_numpy(s.labels)
/home/fcse.santoshkumar/ich_windowing/ich_gen/datasets/common.py:171: UserWarning: The given NumPy array is not writable, and PyTorch does not support non-writable tensors. This means writing to this tensor will result in undefined behavior. You may want to copy the array to protect its data or make it writable before converting it to a tensor. This type of warning will be suppressed for the rest of this program. (Triggered internally at /__w/pytorch/pytorch/torch/csrc/utils/tensor_numpy.cpp:213.)
  labels = torch.from_numpy(s.labels)
/home/fcse.santoshkumar/ich_windowing/ich_gen/datasets/common.py:171: UserWarning: The given NumPy array is not writable, and PyTorch does not support non-writable tensors. This means writing to this tensor will result in undefined behavior. You may want to copy the array to protect its data or make it writable before converting it to a tensor. This type of warning will be suppressed for the rest of this program. (Triggered internally at /__w/pytorch/pytorch/torch/csrc/utils/tensor_numpy.cpp:213.)
  labels = torch.from_numpy(s.labels)
/home/fcse.santoshkumar/ich_windowing/ich_gen/datasets/common.py:171: UserWarning: The given NumPy array is not writable, and PyTorch does not support non-writable tensors. This means writing to this tensor will result in undefined behavior. You may want to copy the array to protect its data or make it writable before converting it to a tensor. This type of warning will be suppressed for the rest of this program. (Triggered internally at /__w/pytorch/pytorch/torch/csrc/utils/tensor_numpy.cpp:213.)
  labels = torch.from_numpy(s.labels)
/home/fcse.santoshkumar/ich_windowing/ich_gen/datasets/common.py:171: UserWarning: The given NumPy array is not writable, and PyTorch does not support non-writable tensors. This means writing to this tensor will result in undefined behavior. You may want to copy the array to protect its data or make it writable before converting it to a tensor. This type of warning will be suppressed for the rest of this program. (Triggered internally at /__w/pytorch/pytorch/torch/csrc/utils/tensor_numpy.cpp:213.)
  labels = torch.from_numpy(s.labels)
/home/fcse.santoshkumar/ich_windowing/ich_gen/datasets/common.py:171: UserWarning: The given NumPy array is not writable, and PyTorch does not support non-writable tensors. This means writing to this tensor will result in undefined behavior. You may want to copy the array to protect its data or make it writable before converting it to a tensor. This type of warning will be suppressed for the rest of this program. (Triggered internally at /__w/pytorch/pytorch/torch/csrc/utils/tensor_numpy.cpp:213.)
  labels = torch.from_numpy(s.labels)
/home/fcse.santoshkumar/ich_windowing/ich_gen/datasets/common.py:171: UserWarning: The given NumPy array is not writable, and PyTorch does not support non-writable tensors. This means writing to this tensor will result in undefined behavior. You may want to copy the array to protect its data or make it writable before converting it to a tensor. This type of warning will be suppressed for the rest of this program. (Triggered internally at /__w/pytorch/pytorch/torch/csrc/utils/tensor_numpy.cpp:213.)
  labels = torch.from_numpy(s.labels)
/home/fcse.santoshkumar/ich_windowing/ich_gen/datasets/common.py:171: UserWarning: The given NumPy array is not writable, and PyTorch does not support non-writable tensors. This means writing to this tensor will result in undefined behavior. You may want to copy the array to protect its data or make it writable before converting it to a tensor. This type of warning will be suppressed for the rest of this program. (Triggered internally at /__w/pytorch/pytorch/torch/csrc/utils/tensor_numpy.cpp:213.)
  labels = torch.from_numpy(s.labels)
/home/fcse.santoshkumar/ich_windowing/ich_gen/datasets/common.py:171: UserWarning: The given NumPy array is not writable, and PyTorch does not support non-writable tensors. This means writing to this tensor will result in undefined behavior. You may want to copy the array to protect its data or make it writable before converting it to a tensor. This type of warning will be suppressed for the rest of this program. (Triggered internally at /__w/pytorch/pytorch/torch/csrc/utils/tensor_numpy.cpp:213.)
  labels = torch.from_numpy(s.labels)
/home/fcse.santoshkumar/ich_windowing/ich_gen/datasets/common.py:171: UserWarning: The given NumPy array is not writable, and PyTorch does not support non-writable tensors. This means writing to this tensor will result in undefined behavior. You may want to copy the array to protect its data or make it writable before converting it to a tensor. This type of warning will be suppressed for the rest of this program. (Triggered internally at /__w/pytorch/pytorch/torch/csrc/utils/tensor_numpy.cpp:213.)
  labels = torch.from_numpy(s.labels)
/home/fcse.santoshkumar/ich_windowing/ich_gen/datasets/common.py:171: UserWarning: The given NumPy array is not writable, and PyTorch does not support non-writable tensors. This means writing to this tensor will result in undefined behavior. You may want to copy the array to protect its data or make it writable before converting it to a tensor. This type of warning will be suppressed for the rest of this program. (Triggered internally at /__w/pytorch/pytorch/torch/csrc/utils/tensor_numpy.cpp:213.)
  labels = torch.from_numpy(s.labels)
/home/fcse.santoshkumar/ich_windowing/ich_gen/datasets/common.py:171: UserWarning: The given NumPy array is not writable, and PyTorch does not support non-writable tensors. This means writing to this tensor will result in undefined behavior. You may want to copy the array to protect its data or make it writable before converting it to a tensor. This type of warning will be suppressed for the rest of this program. (Triggered internally at /__w/pytorch/pytorch/torch/csrc/utils/tensor_numpy.cpp:213.)
  labels = torch.from_numpy(s.labels)
/home/fcse.santoshkumar/ich_windowing/ich_gen/datasets/common.py:171: UserWarning: The given NumPy array is not writable, and PyTorch does not support non-writable tensors. This means writing to this tensor will result in undefined behavior. You may want to copy the array to protect its data or make it writable before converting it to a tensor. This type of warning will be suppressed for the rest of this program. (Triggered internally at /__w/pytorch/pytorch/torch/csrc/utils/tensor_numpy.cpp:213.)
  labels = torch.from_numpy(s.labels)
/home/fcse.santoshkumar/ich_windowing/ich_gen/datasets/common.py:171: UserWarning: The given NumPy array is not writable, and PyTorch does not support non-writable tensors. This means writing to this tensor will result in undefined behavior. You may want to copy the array to protect its data or make it writable before converting it to a tensor. This type of warning will be suppressed for the rest of this program. (Triggered internally at /__w/pytorch/pytorch/torch/csrc/utils/tensor_numpy.cpp:213.)
  labels = torch.from_numpy(s.labels)
/home/fcse.santoshkumar/ich_windowing/ich_gen/datasets/common.py:171: UserWarning: The given NumPy array is not writable, and PyTorch does not support non-writable tensors. This means writing to this tensor will result in undefined behavior. You may want to copy the array to protect its data or make it writable before converting it to a tensor. This type of warning will be suppressed for the rest of this program. (Triggered internally at /__w/pytorch/pytorch/torch/csrc/utils/tensor_numpy.cpp:213.)
  labels = torch.from_numpy(s.labels)
/home/fcse.santoshkumar/ich_windowing/ich_gen/datasets/common.py:171: UserWarning: The given NumPy array is not writable, and PyTorch does not support non-writable tensors. This means writing to this tensor will result in undefined behavior. You may want to copy the array to protect its data or make it writable before converting it to a tensor. This type of warning will be suppressed for the rest of this program. (Triggered internally at /__w/pytorch/pytorch/torch/csrc/utils/tensor_numpy.cpp:213.)
  labels = torch.from_numpy(s.labels)
/home/fcse.santoshkumar/ich_windowing/ich_gen/datasets/common.py:171: UserWarning: The given NumPy array is not writable, and PyTorch does not support non-writable tensors. This means writing to this tensor will result in undefined behavior. You may want to copy the array to protect its data or make it writable before converting it to a tensor. This type of warning will be suppressed for the rest of this program. (Triggered internally at /__w/pytorch/pytorch/torch/csrc/utils/tensor_numpy.cpp:213.)
  labels = torch.from_numpy(s.labels)
/home/fcse.santoshkumar/ich_windowing/ich_gen/datasets/common.py:171: UserWarning: The given NumPy array is not writable, and PyTorch does not support non-writable tensors. This means writing to this tensor will result in undefined behavior. You may want to copy the array to protect its data or make it writable before converting it to a tensor. This type of warning will be suppressed for the rest of this program. (Triggered internally at /__w/pytorch/pytorch/torch/csrc/utils/tensor_numpy.cpp:213.)
  labels = torch.from_numpy(s.labels)
/home/fcse.santoshkumar/ich_windowing/ich_gen/datasets/common.py:171: UserWarning: The given NumPy array is not writable, and PyTorch does not support non-writable tensors. This means writing to this tensor will result in undefined behavior. You may want to copy the array to protect its data or make it writable before converting it to a tensor. This type of warning will be suppressed for the rest of this program. (Triggered internally at /__w/pytorch/pytorch/torch/csrc/utils/tensor_numpy.cpp:213.)
  labels = torch.from_numpy(s.labels)
/home/fcse.santoshkumar/ich_windowing/ich_gen/datasets/common.py:171: UserWarning: The given NumPy array is not writable, and PyTorch does not support non-writable tensors. This means writing to this tensor will result in undefined behavior. You may want to copy the array to protect its data or make it writable before converting it to a tensor. This type of warning will be suppressed for the rest of this program. (Triggered internally at /__w/pytorch/pytorch/torch/csrc/utils/tensor_numpy.cpp:213.)
  labels = torch.from_numpy(s.labels)
/home/fcse.santoshkumar/ich_windowing/ich_gen/datasets/common.py:171: UserWarning: The given NumPy array is not writable, and PyTorch does not support non-writable tensors. This means writing to this tensor will result in undefined behavior. You may want to copy the array to protect its data or make it writable before converting it to a tensor. This type of warning will be suppressed for the rest of this program. (Triggered internally at /__w/pytorch/pytorch/torch/csrc/utils/tensor_numpy.cpp:213.)
  labels = torch.from_numpy(s.labels)
/home/fcse.santoshkumar/ich_windowing/ich_gen/datasets/common.py:171: UserWarning: The given NumPy array is not writable, and PyTorch does not support non-writable tensors. This means writing to this tensor will result in undefined behavior. You may want to copy the array to protect its data or make it writable before converting it to a tensor. This type of warning will be suppressed for the rest of this program. (Triggered internally at /__w/pytorch/pytorch/torch/csrc/utils/tensor_numpy.cpp:213.)
  labels = torch.from_numpy(s.labels)
/home/fcse.santoshkumar/ich_windowing/ich_gen/datasets/common.py:171: UserWarning: The given NumPy array is not writable, and PyTorch does not support non-writable tensors. This means writing to this tensor will result in undefined behavior. You may want to copy the array to protect its data or make it writable before converting it to a tensor. This type of warning will be suppressed for the rest of this program. (Triggered internally at /__w/pytorch/pytorch/torch/csrc/utils/tensor_numpy.cpp:213.)
  labels = torch.from_numpy(s.labels)
/home/fcse.santoshkumar/ich_windowing/ich_gen/datasets/common.py:171: UserWarning: The given NumPy array is not writable, and PyTorch does not support non-writable tensors. This means writing to this tensor will result in undefined behavior. You may want to copy the array to protect its data or make it writable before converting it to a tensor. This type of warning will be suppressed for the rest of this program. (Triggered internally at /__w/pytorch/pytorch/torch/csrc/utils/tensor_numpy.cpp:213.)
  labels = torch.from_numpy(s.labels)
/home/fcse.santoshkumar/ich_windowing/ich_gen/datasets/common.py:171: UserWarning: The given NumPy array is not writable, and PyTorch does not support non-writable tensors. This means writing to this tensor will result in undefined behavior. You may want to copy the array to protect its data or make it writable before converting it to a tensor. This type of warning will be suppressed for the rest of this program. (Triggered internally at /__w/pytorch/pytorch/torch/csrc/utils/tensor_numpy.cpp:213.)
  labels = torch.from_numpy(s.labels)
/home/fcse.santoshkumar/ich_windowing/ich_gen/datasets/common.py:171: UserWarning: The given NumPy array is not writable, and PyTorch does not support non-writable tensors. This means writing to this tensor will result in undefined behavior. You may want to copy the array to protect its data or make it writable before converting it to a tensor. This type of warning will be suppressed for the rest of this program. (Triggered internally at /__w/pytorch/pytorch/torch/csrc/utils/tensor_numpy.cpp:213.)
  labels = torch.from_numpy(s.labels)
/home/fcse.santoshkumar/ich_windowing/ich_gen/datasets/common.py:171: UserWarning: The given NumPy array is not writable, and PyTorch does not support non-writable tensors. This means writing to this tensor will result in undefined behavior. You may want to copy the array to protect its data or make it writable before converting it to a tensor. This type of warning will be suppressed for the rest of this program. (Triggered internally at /__w/pytorch/pytorch/torch/csrc/utils/tensor_numpy.cpp:213.)
  labels = torch.from_numpy(s.labels)
/home/fcse.santoshkumar/ich_windowing/ich_gen/datasets/common.py:171: UserWarning: The given NumPy array is not writable, and PyTorch does not support non-writable tensors. This means writing to this tensor will result in undefined behavior. You may want to copy the array to protect its data or make it writable before converting it to a tensor. This type of warning will be suppressed for the rest of this program. (Triggered internally at /__w/pytorch/pytorch/torch/csrc/utils/tensor_numpy.cpp:213.)
  labels = torch.from_numpy(s.labels)
/home/fcse.santoshkumar/ich_windowing/ich_gen/datasets/common.py:171: UserWarning: The given NumPy array is not writable, and PyTorch does not support non-writable tensors. This means writing to this tensor will result in undefined behavior. You may want to copy the array to protect its data or make it writable before converting it to a tensor. This type of warning will be suppressed for the rest of this program. (Triggered internally at /__w/pytorch/pytorch/torch/csrc/utils/tensor_numpy.cpp:213.)
  labels = torch.from_numpy(s.labels)
/home/fcse.santoshkumar/ich_windowing/ich_gen/datasets/common.py:171: UserWarning: The given NumPy array is not writable, and PyTorch does not support non-writable tensors. This means writing to this tensor will result in undefined behavior. You may want to copy the array to protect its data or make it writable before converting it to a tensor. This type of warning will be suppressed for the rest of this program. (Triggered internally at /__w/pytorch/pytorch/torch/csrc/utils/tensor_numpy.cpp:213.)
  labels = torch.from_numpy(s.labels)
/home/fcse.santoshkumar/ich_windowing/ich_gen/datasets/common.py:171: UserWarning: The given NumPy array is not writable, and PyTorch does not support non-writable tensors. This means writing to this tensor will result in undefined behavior. You may want to copy the array to protect its data or make it writable before converting it to a tensor. This type of warning will be suppressed for the rest of this program. (Triggered internally at /__w/pytorch/pytorch/torch/csrc/utils/tensor_numpy.cpp:213.)
  labels = torch.from_numpy(s.labels)
/home/fcse.santoshkumar/ich_windowing/ich_gen/datasets/common.py:171: UserWarning: The given NumPy array is not writable, and PyTorch does not support non-writable tensors. This means writing to this tensor will result in undefined behavior. You may want to copy the array to protect its data or make it writable before converting it to a tensor. This type of warning will be suppressed for the rest of this program. (Triggered internally at /__w/pytorch/pytorch/torch/csrc/utils/tensor_numpy.cpp:213.)
  labels = torch.from_numpy(s.labels)
/home/fcse.santoshkumar/ich_windowing/ich_gen/datasets/common.py:171: UserWarning: The given NumPy array is not writable, and PyTorch does not support non-writable tensors. This means writing to this tensor will result in undefined behavior. You may want to copy the array to protect its data or make it writable before converting it to a tensor. This type of warning will be suppressed for the rest of this program. (Triggered internally at /__w/pytorch/pytorch/torch/csrc/utils/tensor_numpy.cpp:213.)
  labels = torch.from_numpy(s.labels)
/home/fcse.santoshkumar/ich_windowing/ich_gen/datasets/common.py:171: UserWarning: The given NumPy array is not writable, and PyTorch does not support non-writable tensors. This means writing to this tensor will result in undefined behavior. You may want to copy the array to protect its data or make it writable before converting it to a tensor. This type of warning will be suppressed for the rest of this program. (Triggered internally at /__w/pytorch/pytorch/torch/csrc/utils/tensor_numpy.cpp:213.)
  labels = torch.from_numpy(s.labels)
/home/fcse.santoshkumar/ich_windowing/ich_gen/datasets/common.py:171: UserWarning: The given NumPy array is not writable, and PyTorch does not support non-writable tensors. This means writing to this tensor will result in undefined behavior. You may want to copy the array to protect its data or make it writable before converting it to a tensor. This type of warning will be suppressed for the rest of this program. (Triggered internally at /__w/pytorch/pytorch/torch/csrc/utils/tensor_numpy.cpp:213.)
  labels = torch.from_numpy(s.labels)
/home/fcse.santoshkumar/ich_windowing/ich_gen/datasets/common.py:171: UserWarning: The given NumPy array is not writable, and PyTorch does not support non-writable tensors. This means writing to this tensor will result in undefined behavior. You may want to copy the array to protect its data or make it writable before converting it to a tensor. This type of warning will be suppressed for the rest of this program. (Triggered internally at /__w/pytorch/pytorch/torch/csrc/utils/tensor_numpy.cpp:213.)
  labels = torch.from_numpy(s.labels)
/home/fcse.santoshkumar/ich_windowing/ich_gen/datasets/common.py:171: UserWarning: The given NumPy array is not writable, and PyTorch does not support non-writable tensors. This means writing to this tensor will result in undefined behavior. You may want to copy the array to protect its data or make it writable before converting it to a tensor. This type of warning will be suppressed for the rest of this program. (Triggered internally at /__w/pytorch/pytorch/torch/csrc/utils/tensor_numpy.cpp:213.)
  labels = torch.from_numpy(s.labels)
/home/fcse.santoshkumar/ich_windowing/ich_gen/datasets/common.py:171: UserWarning: The given NumPy array is not writable, and PyTorch does not support non-writable tensors. This means writing to this tensor will result in undefined behavior. You may want to copy the array to protect its data or make it writable before converting it to a tensor. This type of warning will be suppressed for the rest of this program. (Triggered internally at /__w/pytorch/pytorch/torch/csrc/utils/tensor_numpy.cpp:213.)
  labels = torch.from_numpy(s.labels)
/home/fcse.santoshkumar/ich_windowing/ich_gen/datasets/common.py:171: UserWarning: The given NumPy array is not writable, and PyTorch does not support non-writable tensors. This means writing to this tensor will result in undefined behavior. You may want to copy the array to protect its data or make it writable before converting it to a tensor. This type of warning will be suppressed for the rest of this program. (Triggered internally at /__w/pytorch/pytorch/torch/csrc/utils/tensor_numpy.cpp:213.)
  labels = torch.from_numpy(s.labels)
/home/fcse.santoshkumar/ich_windowing/ich_gen/datasets/common.py:171: UserWarning: The given NumPy array is not writable, and PyTorch does not support non-writable tensors. This means writing to this tensor will result in undefined behavior. You may want to copy the array to protect its data or make it writable before converting it to a tensor. This type of warning will be suppressed for the rest of this program. (Triggered internally at /__w/pytorch/pytorch/torch/csrc/utils/tensor_numpy.cpp:213.)
  labels = torch.from_numpy(s.labels)
/home/fcse.santoshkumar/ich_windowing/ich_gen/datasets/common.py:171: UserWarning: The given NumPy array is not writable, and PyTorch does not support non-writable tensors. This means writing to this tensor will result in undefined behavior. You may want to copy the array to protect its data or make it writable before converting it to a tensor. This type of warning will be suppressed for the rest of this program. (Triggered internally at /__w/pytorch/pytorch/torch/csrc/utils/tensor_numpy.cpp:213.)
  labels = torch.from_numpy(s.labels)
/home/fcse.santoshkumar/ich_windowing/ich_gen/datasets/common.py:171: UserWarning: The given NumPy array is not writable, and PyTorch does not support non-writable tensors. This means writing to this tensor will result in undefined behavior. You may want to copy the array to protect its data or make it writable before converting it to a tensor. This type of warning will be suppressed for the rest of this program. (Triggered internally at /__w/pytorch/pytorch/torch/csrc/utils/tensor_numpy.cpp:213.)
  labels = torch.from_numpy(s.labels)
/home/fcse.santoshkumar/ich_windowing/ich_gen/datasets/common.py:171: UserWarning: The given NumPy array is not writable, and PyTorch does not support non-writable tensors. This means writing to this tensor will result in undefined behavior. You may want to copy the array to protect its data or make it writable before converting it to a tensor. This type of warning will be suppressed for the rest of this program. (Triggered internally at /__w/pytorch/pytorch/torch/csrc/utils/tensor_numpy.cpp:213.)
  labels = torch.from_numpy(s.labels)
/home/fcse.santoshkumar/ich_windowing/ich_gen/datasets/common.py:171: UserWarning: The given NumPy array is not writable, and PyTorch does not support non-writable tensors. This means writing to this tensor will result in undefined behavior. You may want to copy the array to protect its data or make it writable before converting it to a tensor. This type of warning will be suppressed for the rest of this program. (Triggered internally at /__w/pytorch/pytorch/torch/csrc/utils/tensor_numpy.cpp:213.)
  labels = torch.from_numpy(s.labels)
/home/fcse.santoshkumar/ich_windowing/ich_gen/datasets/common.py:171: UserWarning: The given NumPy array is not writable, and PyTorch does not support non-writable tensors. This means writing to this tensor will result in undefined behavior. You may want to copy the array to protect its data or make it writable before converting it to a tensor. This type of warning will be suppressed for the rest of this program. (Triggered internally at /__w/pytorch/pytorch/torch/csrc/utils/tensor_numpy.cpp:213.)
  labels = torch.from_numpy(s.labels)
/home/fcse.santoshkumar/ich_windowing/ich_gen/datasets/common.py:171: UserWarning: The given NumPy array is not writable, and PyTorch does not support non-writable tensors. This means writing to this tensor will result in undefined behavior. You may want to copy the array to protect its data or make it writable before converting it to a tensor. This type of warning will be suppressed for the rest of this program. (Triggered internally at /__w/pytorch/pytorch/torch/csrc/utils/tensor_numpy.cpp:213.)
  labels = torch.from_numpy(s.labels)
/home/fcse.santoshkumar/ich_windowing/ich_gen/datasets/common.py:171: UserWarning: The given NumPy array is not writable, and PyTorch does not support non-writable tensors. This means writing to this tensor will result in undefined behavior. You may want to copy the array to protect its data or make it writable before converting it to a tensor. This type of warning will be suppressed for the rest of this program. (Triggered internally at /__w/pytorch/pytorch/torch/csrc/utils/tensor_numpy.cpp:213.)
  labels = torch.from_numpy(s.labels)
/home/fcse.santoshkumar/ich_windowing/ich_gen/datasets/common.py:171: UserWarning: The given NumPy array is not writable, and PyTorch does not support non-writable tensors. This means writing to this tensor will result in undefined behavior. You may want to copy the array to protect its data or make it writable before converting it to a tensor. This type of warning will be suppressed for the rest of this program. (Triggered internally at /__w/pytorch/pytorch/torch/csrc/utils/tensor_numpy.cpp:213.)
  labels = torch.from_numpy(s.labels)
/home/fcse.santoshkumar/ich_windowing/ich_gen/datasets/common.py:171: UserWarning: The given NumPy array is not writable, and PyTorch does not support non-writable tensors. This means writing to this tensor will result in undefined behavior. You may want to copy the array to protect its data or make it writable before converting it to a tensor. This type of warning will be suppressed for the rest of this program. (Triggered internally at /__w/pytorch/pytorch/torch/csrc/utils/tensor_numpy.cpp:213.)
  labels = torch.from_numpy(s.labels)
/home/fcse.santoshkumar/ich_windowing/ich_gen/datasets/common.py:171: UserWarning: The given NumPy array is not writable, and PyTorch does not support non-writable tensors. This means writing to this tensor will result in undefined behavior. You may want to copy the array to protect its data or make it writable before converting it to a tensor. This type of warning will be suppressed for the rest of this program. (Triggered internally at /__w/pytorch/pytorch/torch/csrc/utils/tensor_numpy.cpp:213.)
  labels = torch.from_numpy(s.labels)
/home/fcse.santoshkumar/ich_windowing/ich_gen/datasets/common.py:171: UserWarning: The given NumPy array is not writable, and PyTorch does not support non-writable tensors. This means writing to this tensor will result in undefined behavior. You may want to copy the array to protect its data or make it writable before converting it to a tensor. This type of warning will be suppressed for the rest of this program. (Triggered internally at /__w/pytorch/pytorch/torch/csrc/utils/tensor_numpy.cpp:213.)
  labels = torch.from_numpy(s.labels)
/home/fcse.santoshkumar/ich_windowing/ich_gen/datasets/common.py:171: UserWarning: The given NumPy array is not writable, and PyTorch does not support non-writable tensors. This means writing to this tensor will result in undefined behavior. You may want to copy the array to protect its data or make it writable before converting it to a tensor. This type of warning will be suppressed for the rest of this program. (Triggered internally at /__w/pytorch/pytorch/torch/csrc/utils/tensor_numpy.cpp:213.)
  labels = torch.from_numpy(s.labels)
/home/fcse.santoshkumar/ich_windowing/ich_gen/datasets/common.py:171: UserWarning: The given NumPy array is not writable, and PyTorch does not support non-writable tensors. This means writing to this tensor will result in undefined behavior. You may want to copy the array to protect its data or make it writable before converting it to a tensor. This type of warning will be suppressed for the rest of this program. (Triggered internally at /__w/pytorch/pytorch/torch/csrc/utils/tensor_numpy.cpp:213.)
  labels = torch.from_numpy(s.labels)
/home/fcse.santoshkumar/ich_windowing/ich_gen/datasets/common.py:171: UserWarning: The given NumPy array is not writable, and PyTorch does not support non-writable tensors. This means writing to this tensor will result in undefined behavior. You may want to copy the array to protect its data or make it writable before converting it to a tensor. This type of warning will be suppressed for the rest of this program. (Triggered internally at /__w/pytorch/pytorch/torch/csrc/utils/tensor_numpy.cpp:213.)
  labels = torch.from_numpy(s.labels)
/home/fcse.santoshkumar/ich_windowing/ich_gen/datasets/common.py:171: UserWarning: The given NumPy array is not writable, and PyTorch does not support non-writable tensors. This means writing to this tensor will result in undefined behavior. You may want to copy the array to protect its data or make it writable before converting it to a tensor. This type of warning will be suppressed for the rest of this program. (Triggered internally at /__w/pytorch/pytorch/torch/csrc/utils/tensor_numpy.cpp:213.)
  labels = torch.from_numpy(s.labels)
/home/fcse.santoshkumar/ich_windowing/ich_gen/datasets/common.py:171: UserWarning: The given NumPy array is not writable, and PyTorch does not support non-writable tensors. This means writing to this tensor will result in undefined behavior. You may want to copy the array to protect its data or make it writable before converting it to a tensor. This type of warning will be suppressed for the rest of this program. (Triggered internally at /__w/pytorch/pytorch/torch/csrc/utils/tensor_numpy.cpp:213.)
  labels = torch.from_numpy(s.labels)
/home/fcse.santoshkumar/ich_windowing/ich_gen/datasets/common.py:171: UserWarning: The given NumPy array is not writable, and PyTorch does not support non-writable tensors. This means writing to this tensor will result in undefined behavior. You may want to copy the array to protect its data or make it writable before converting it to a tensor. This type of warning will be suppressed for the rest of this program. (Triggered internally at /__w/pytorch/pytorch/torch/csrc/utils/tensor_numpy.cpp:213.)
  labels = torch.from_numpy(s.labels)
/home/fcse.santoshkumar/ich_windowing/ich_gen/datasets/common.py:171: UserWarning: The given NumPy array is not writable, and PyTorch does not support non-writable tensors. This means writing to this tensor will result in undefined behavior. You may want to copy the array to protect its data or make it writable before converting it to a tensor. This type of warning will be suppressed for the rest of this program. (Triggered internally at /__w/pytorch/pytorch/torch/csrc/utils/tensor_numpy.cpp:213.)
  labels = torch.from_numpy(s.labels)
/home/fcse.santoshkumar/ich_windowing/ich_gen/datasets/common.py:171: UserWarning: The given NumPy array is not writable, and PyTorch does not support non-writable tensors. This means writing to this tensor will result in undefined behavior. You may want to copy the array to protect its data or make it writable before converting it to a tensor. This type of warning will be suppressed for the rest of this program. (Triggered internally at /__w/pytorch/pytorch/torch/csrc/utils/tensor_numpy.cpp:213.)
  labels = torch.from_numpy(s.labels)
/home/fcse.santoshkumar/ich_windowing/ich_gen/datasets/common.py:171: UserWarning: The given NumPy array is not writable, and PyTorch does not support non-writable tensors. This means writing to this tensor will result in undefined behavior. You may want to copy the array to protect its data or make it writable before converting it to a tensor. This type of warning will be suppressed for the rest of this program. (Triggered internally at /__w/pytorch/pytorch/torch/csrc/utils/tensor_numpy.cpp:213.)
  labels = torch.from_numpy(s.labels)
/home/fcse.santoshkumar/ich_windowing/ich_gen/datasets/common.py:171: UserWarning: The given NumPy array is not writable, and PyTorch does not support non-writable tensors. This means writing to this tensor will result in undefined behavior. You may want to copy the array to protect its data or make it writable before converting it to a tensor. This type of warning will be suppressed for the rest of this program. (Triggered internally at /__w/pytorch/pytorch/torch/csrc/utils/tensor_numpy.cpp:213.)
  labels = torch.from_numpy(s.labels)
/home/fcse.santoshkumar/ich_windowing/ich_gen/datasets/common.py:171: UserWarning: The given NumPy array is not writable, and PyTorch does not support non-writable tensors. This means writing to this tensor will result in undefined behavior. You may want to copy the array to protect its data or make it writable before converting it to a tensor. This type of warning will be suppressed for the rest of this program. (Triggered internally at /__w/pytorch/pytorch/torch/csrc/utils/tensor_numpy.cpp:213.)
  labels = torch.from_numpy(s.labels)
/home/fcse.santoshkumar/ich_windowing/ich_gen/datasets/common.py:171: UserWarning: The given NumPy array is not writable, and PyTorch does not support non-writable tensors. This means writing to this tensor will result in undefined behavior. You may want to copy the array to protect its data or make it writable before converting it to a tensor. This type of warning will be suppressed for the rest of this program. (Triggered internally at /__w/pytorch/pytorch/torch/csrc/utils/tensor_numpy.cpp:213.)
  labels = torch.from_numpy(s.labels)
/home/fcse.santoshkumar/ich_windowing/ich_gen/datasets/common.py:171: UserWarning: The given NumPy array is not writable, and PyTorch does not support non-writable tensors. This means writing to this tensor will result in undefined behavior. You may want to copy the array to protect its data or make it writable before converting it to a tensor. This type of warning will be suppressed for the rest of this program. (Triggered internally at /__w/pytorch/pytorch/torch/csrc/utils/tensor_numpy.cpp:213.)
  labels = torch.from_numpy(s.labels)
/home/fcse.santoshkumar/ich_windowing/ich_gen/datasets/common.py:171: UserWarning: The given NumPy array is not writable, and PyTorch does not support non-writable tensors. This means writing to this tensor will result in undefined behavior. You may want to copy the array to protect its data or make it writable before converting it to a tensor. This type of warning will be suppressed for the rest of this program. (Triggered internally at /__w/pytorch/pytorch/torch/csrc/utils/tensor_numpy.cpp:213.)
  labels = torch.from_numpy(s.labels)
/home/fcse.santoshkumar/ich_windowing/ich_gen/datasets/common.py:171: UserWarning: The given NumPy array is not writable, and PyTorch does not support non-writable tensors. This means writing to this tensor will result in undefined behavior. You may want to copy the array to protect its data or make it writable before converting it to a tensor. This type of warning will be suppressed for the rest of this program. (Triggered internally at /__w/pytorch/pytorch/torch/csrc/utils/tensor_numpy.cpp:213.)
  labels = torch.from_numpy(s.labels)
/home/fcse.santoshkumar/ich_windowing/ich_gen/datasets/common.py:171: UserWarning: The given NumPy array is not writable, and PyTorch does not support non-writable tensors. This means writing to this tensor will result in undefined behavior. You may want to copy the array to protect its data or make it writable before converting it to a tensor. This type of warning will be suppressed for the rest of this program. (Triggered internally at /__w/pytorch/pytorch/torch/csrc/utils/tensor_numpy.cpp:213.)
  labels = torch.from_numpy(s.labels)
/home/fcse.santoshkumar/ich_windowing/ich_gen/datasets/common.py:171: UserWarning: The given NumPy array is not writable, and PyTorch does not support non-writable tensors. This means writing to this tensor will result in undefined behavior. You may want to copy the array to protect its data or make it writable before converting it to a tensor. This type of warning will be suppressed for the rest of this program. (Triggered internally at /__w/pytorch/pytorch/torch/csrc/utils/tensor_numpy.cpp:213.)
  labels = torch.from_numpy(s.labels)
/home/fcse.santoshkumar/ich_windowing/ich_gen/datasets/common.py:171: UserWarning: The given NumPy array is not writable, and PyTorch does not support non-writable tensors. This means writing to this tensor will result in undefined behavior. You may want to copy the array to protect its data or make it writable before converting it to a tensor. This type of warning will be suppressed for the rest of this program. (Triggered internally at /__w/pytorch/pytorch/torch/csrc/utils/tensor_numpy.cpp:213.)
  labels = torch.from_numpy(s.labels)
/home/fcse.santoshkumar/ich_windowing/ich_gen/datasets/common.py:171: UserWarning: The given NumPy array is not writable, and PyTorch does not support non-writable tensors. This means writing to this tensor will result in undefined behavior. You may want to copy the array to protect its data or make it writable before converting it to a tensor. This type of warning will be suppressed for the rest of this program. (Triggered internally at /__w/pytorch/pytorch/torch/csrc/utils/tensor_numpy.cpp:213.)
  labels = torch.from_numpy(s.labels)
/home/fcse.santoshkumar/ich_windowing/ich_gen/datasets/common.py:171: UserWarning: The given NumPy array is not writable, and PyTorch does not support non-writable tensors. This means writing to this tensor will result in undefined behavior. You may want to copy the array to protect its data or make it writable before converting it to a tensor. This type of warning will be suppressed for the rest of this program. (Triggered internally at /__w/pytorch/pytorch/torch/csrc/utils/tensor_numpy.cpp:213.)
  labels = torch.from_numpy(s.labels)
/home/fcse.santoshkumar/ich_windowing/ich_gen/datasets/common.py:171: UserWarning: The given NumPy array is not writable, and PyTorch does not support non-writable tensors. This means writing to this tensor will result in undefined behavior. You may want to copy the array to protect its data or make it writable before converting it to a tensor. This type of warning will be suppressed for the rest of this program. (Triggered internally at /__w/pytorch/pytorch/torch/csrc/utils/tensor_numpy.cpp:213.)
  labels = torch.from_numpy(s.labels)
/home/fcse.santoshkumar/ich_windowing/ich_gen/datasets/common.py:171: UserWarning: The given NumPy array is not writable, and PyTorch does not support non-writable tensors. This means writing to this tensor will result in undefined behavior. You may want to copy the array to protect its data or make it writable before converting it to a tensor. This type of warning will be suppressed for the rest of this program. (Triggered internally at /__w/pytorch/pytorch/torch/csrc/utils/tensor_numpy.cpp:213.)
  labels = torch.from_numpy(s.labels)
/home/fcse.santoshkumar/ich_windowing/ich_gen/datasets/common.py:171: UserWarning: The given NumPy array is not writable, and PyTorch does not support non-writable tensors. This means writing to this tensor will result in undefined behavior. You may want to copy the array to protect its data or make it writable before converting it to a tensor. This type of warning will be suppressed for the rest of this program. (Triggered internally at /__w/pytorch/pytorch/torch/csrc/utils/tensor_numpy.cpp:213.)
  labels = torch.from_numpy(s.labels)
/home/fcse.santoshkumar/ich_windowing/ich_gen/datasets/common.py:171: UserWarning: The given NumPy array is not writable, and PyTorch does not support non-writable tensors. This means writing to this tensor will result in undefined behavior. You may want to copy the array to protect its data or make it writable before converting it to a tensor. This type of warning will be suppressed for the rest of this program. (Triggered internally at /__w/pytorch/pytorch/torch/csrc/utils/tensor_numpy.cpp:213.)
  labels = torch.from_numpy(s.labels)
/home/fcse.santoshkumar/ich_windowing/ich_gen/datasets/common.py:171: UserWarning: The given NumPy array is not writable, and PyTorch does not support non-writable tensors. This means writing to this tensor will result in undefined behavior. You may want to copy the array to protect its data or make it writable before converting it to a tensor. This type of warning will be suppressed for the rest of this program. (Triggered internally at /__w/pytorch/pytorch/torch/csrc/utils/tensor_numpy.cpp:213.)
  labels = torch.from_numpy(s.labels)
/home/fcse.santoshkumar/ich_windowing/ich_gen/datasets/common.py:171: UserWarning: The given NumPy array is not writable, and PyTorch does not support non-writable tensors. This means writing to this tensor will result in undefined behavior. You may want to copy the array to protect its data or make it writable before converting it to a tensor. This type of warning will be suppressed for the rest of this program. (Triggered internally at /__w/pytorch/pytorch/torch/csrc/utils/tensor_numpy.cpp:213.)
  labels = torch.from_numpy(s.labels)
/home/fcse.santoshkumar/ich_windowing/ich_gen/datasets/common.py:171: UserWarning: The given NumPy array is not writable, and PyTorch does not support non-writable tensors. This means writing to this tensor will result in undefined behavior. You may want to copy the array to protect its data or make it writable before converting it to a tensor. This type of warning will be suppressed for the rest of this program. (Triggered internally at /__w/pytorch/pytorch/torch/csrc/utils/tensor_numpy.cpp:213.)
  labels = torch.from_numpy(s.labels)
/home/fcse.santoshkumar/ich_windowing/ich_gen/datasets/common.py:171: UserWarning: The given NumPy array is not writable, and PyTorch does not support non-writable tensors. This means writing to this tensor will result in undefined behavior. You may want to copy the array to protect its data or make it writable before converting it to a tensor. This type of warning will be suppressed for the rest of this program. (Triggered internally at /__w/pytorch/pytorch/torch/csrc/utils/tensor_numpy.cpp:213.)
  labels = torch.from_numpy(s.labels)
/home/fcse.santoshkumar/ich_windowing/ich_gen/datasets/common.py:171: UserWarning: The given NumPy array is not writable, and PyTorch does not support non-writable tensors. This means writing to this tensor will result in undefined behavior. You may want to copy the array to protect its data or make it writable before converting it to a tensor. This type of warning will be suppressed for the rest of this program. (Triggered internally at /__w/pytorch/pytorch/torch/csrc/utils/tensor_numpy.cpp:213.)
  labels = torch.from_numpy(s.labels)
/home/fcse.santoshkumar/ich_windowing/ich_gen/datasets/common.py:171: UserWarning: The given NumPy array is not writable, and PyTorch does not support non-writable tensors. This means writing to this tensor will result in undefined behavior. You may want to copy the array to protect its data or make it writable before converting it to a tensor. This type of warning will be suppressed for the rest of this program. (Triggered internally at /__w/pytorch/pytorch/torch/csrc/utils/tensor_numpy.cpp:213.)
  labels = torch.from_numpy(s.labels)
/home/fcse.santoshkumar/ich_windowing/ich_gen/datasets/common.py:171: UserWarning: The given NumPy array is not writable, and PyTorch does not support non-writable tensors. This means writing to this tensor will result in undefined behavior. You may want to copy the array to protect its data or make it writable before converting it to a tensor. This type of warning will be suppressed for the rest of this program. (Triggered internally at /__w/pytorch/pytorch/torch/csrc/utils/tensor_numpy.cpp:213.)
  labels = torch.from_numpy(s.labels)
/home/fcse.santoshkumar/ich_windowing/ich_gen/datasets/common.py:171: UserWarning: The given NumPy array is not writable, and PyTorch does not support non-writable tensors. This means writing to this tensor will result in undefined behavior. You may want to copy the array to protect its data or make it writable before converting it to a tensor. This type of warning will be suppressed for the rest of this program. (Triggered internally at /__w/pytorch/pytorch/torch/csrc/utils/tensor_numpy.cpp:213.)
  labels = torch.from_numpy(s.labels)
/home/fcse.santoshkumar/ich_windowing/ich_gen/datasets/common.py:171: UserWarning: The given NumPy array is not writable, and PyTorch does not support non-writable tensors. This means writing to this tensor will result in undefined behavior. You may want to copy the array to protect its data or make it writable before converting it to a tensor. This type of warning will be suppressed for the rest of this program. (Triggered internally at /__w/pytorch/pytorch/torch/csrc/utils/tensor_numpy.cpp:213.)
  labels = torch.from_numpy(s.labels)
/home/fcse.santoshkumar/ich_windowing/ich_gen/datasets/common.py:171: UserWarning: The given NumPy array is not writable, and PyTorch does not support non-writable tensors. This means writing to this tensor will result in undefined behavior. You may want to copy the array to protect its data or make it writable before converting it to a tensor. This type of warning will be suppressed for the rest of this program. (Triggered internally at /__w/pytorch/pytorch/torch/csrc/utils/tensor_numpy.cpp:213.)
  labels = torch.from_numpy(s.labels)
/home/fcse.santoshkumar/ich_windowing/ich_gen/datasets/common.py:171: UserWarning: The given NumPy array is not writable, and PyTorch does not support non-writable tensors. This means writing to this tensor will result in undefined behavior. You may want to copy the array to protect its data or make it writable before converting it to a tensor. This type of warning will be suppressed for the rest of this program. (Triggered internally at /__w/pytorch/pytorch/torch/csrc/utils/tensor_numpy.cpp:213.)
  labels = torch.from_numpy(s.labels)
/home/fcse.santoshkumar/ich_windowing/ich_gen/datasets/common.py:171: UserWarning: The given NumPy array is not writable, and PyTorch does not support non-writable tensors. This means writing to this tensor will result in undefined behavior. You may want to copy the array to protect its data or make it writable before converting it to a tensor. This type of warning will be suppressed for the rest of this program. (Triggered internally at /__w/pytorch/pytorch/torch/csrc/utils/tensor_numpy.cpp:213.)
  labels = torch.from_numpy(s.labels)
/home/fcse.santoshkumar/ich_windowing/ich_gen/datasets/common.py:171: UserWarning: The given NumPy array is not writable, and PyTorch does not support non-writable tensors. This means writing to this tensor will result in undefined behavior. You may want to copy the array to protect its data or make it writable before converting it to a tensor. This type of warning will be suppressed for the rest of this program. (Triggered internally at /__w/pytorch/pytorch/torch/csrc/utils/tensor_numpy.cpp:213.)
  labels = torch.from_numpy(s.labels)
/home/fcse.santoshkumar/ich_windowing/ich_gen/datasets/common.py:171: UserWarning: The given NumPy array is not writable, and PyTorch does not support non-writable tensors. This means writing to this tensor will result in undefined behavior. You may want to copy the array to protect its data or make it writable before converting it to a tensor. This type of warning will be suppressed for the rest of this program. (Triggered internally at /__w/pytorch/pytorch/torch/csrc/utils/tensor_numpy.cpp:213.)
  labels = torch.from_numpy(s.labels)
/home/fcse.santoshkumar/ich_windowing/ich_gen/datasets/common.py:171: UserWarning: The given NumPy array is not writable, and PyTorch does not support non-writable tensors. This means writing to this tensor will result in undefined behavior. You may want to copy the array to protect its data or make it writable before converting it to a tensor. This type of warning will be suppressed for the rest of this program. (Triggered internally at /__w/pytorch/pytorch/torch/csrc/utils/tensor_numpy.cpp:213.)
  labels = torch.from_numpy(s.labels)
/home/fcse.santoshkumar/ich_windowing/ich_gen/datasets/common.py:171: UserWarning: The given NumPy array is not writable, and PyTorch does not support non-writable tensors. This means writing to this tensor will result in undefined behavior. You may want to copy the array to protect its data or make it writable before converting it to a tensor. This type of warning will be suppressed for the rest of this program. (Triggered internally at /__w/pytorch/pytorch/torch/csrc/utils/tensor_numpy.cpp:213.)
  labels = torch.from_numpy(s.labels)
/home/fcse.santoshkumar/ich_windowing/ich_gen/datasets/common.py:171: UserWarning: The given NumPy array is not writable, and PyTorch does not support non-writable tensors. This means writing to this tensor will result in undefined behavior. You may want to copy the array to protect its data or make it writable before converting it to a tensor. This type of warning will be suppressed for the rest of this program. (Triggered internally at /__w/pytorch/pytorch/torch/csrc/utils/tensor_numpy.cpp:213.)
  labels = torch.from_numpy(s.labels)
/home/fcse.santoshkumar/ich_windowing/ich_gen/datasets/common.py:171: UserWarning: The given NumPy array is not writable, and PyTorch does not support non-writable tensors. This means writing to this tensor will result in undefined behavior. You may want to copy the array to protect its data or make it writable before converting it to a tensor. This type of warning will be suppressed for the rest of this program. (Triggered internally at /__w/pytorch/pytorch/torch/csrc/utils/tensor_numpy.cpp:213.)
  labels = torch.from_numpy(s.labels)
/home/fcse.santoshkumar/ich_windowing/ich_gen/datasets/common.py:171: UserWarning: The given NumPy array is not writable, and PyTorch does not support non-writable tensors. This means writing to this tensor will result in undefined behavior. You may want to copy the array to protect its data or make it writable before converting it to a tensor. This type of warning will be suppressed for the rest of this program. (Triggered internally at /__w/pytorch/pytorch/torch/csrc/utils/tensor_numpy.cpp:213.)
  labels = torch.from_numpy(s.labels)
/home/fcse.santoshkumar/ich_windowing/ich_gen/datasets/common.py:171: UserWarning: The given NumPy array is not writable, and PyTorch does not support non-writable tensors. This means writing to this tensor will result in undefined behavior. You may want to copy the array to protect its data or make it writable before converting it to a tensor. This type of warning will be suppressed for the rest of this program. (Triggered internally at /__w/pytorch/pytorch/torch/csrc/utils/tensor_numpy.cpp:213.)
  labels = torch.from_numpy(s.labels)
/home/fcse.santoshkumar/ich_windowing/ich_gen/datasets/common.py:171: UserWarning: The given NumPy array is not writable, and PyTorch does not support non-writable tensors. This means writing to this tensor will result in undefined behavior. You may want to copy the array to protect its data or make it writable before converting it to a tensor. This type of warning will be suppressed for the rest of this program. (Triggered internally at /__w/pytorch/pytorch/torch/csrc/utils/tensor_numpy.cpp:213.)
  labels = torch.from_numpy(s.labels)
/home/fcse.santoshkumar/ich_windowing/ich_gen/datasets/common.py:171: UserWarning: The given NumPy array is not writable, and PyTorch does not support non-writable tensors. This means writing to this tensor will result in undefined behavior. You may want to copy the array to protect its data or make it writable before converting it to a tensor. This type of warning will be suppressed for the rest of this program. (Triggered internally at /__w/pytorch/pytorch/torch/csrc/utils/tensor_numpy.cpp:213.)
  labels = torch.from_numpy(s.labels)
/home/fcse.santoshkumar/ich_windowing/ich_gen/datasets/common.py:171: UserWarning: The given NumPy array is not writable, and PyTorch does not support non-writable tensors. This means writing to this tensor will result in undefined behavior. You may want to copy the array to protect its data or make it writable before converting it to a tensor. This type of warning will be suppressed for the rest of this program. (Triggered internally at /__w/pytorch/pytorch/torch/csrc/utils/tensor_numpy.cpp:213.)
  labels = torch.from_numpy(s.labels)
/home/fcse.santoshkumar/ich_windowing/ich_gen/datasets/common.py:171: UserWarning: The given NumPy array is not writable, and PyTorch does not support non-writable tensors. This means writing to this tensor will result in undefined behavior. You may want to copy the array to protect its data or make it writable before converting it to a tensor. This type of warning will be suppressed for the rest of this program. (Triggered internally at /__w/pytorch/pytorch/torch/csrc/utils/tensor_numpy.cpp:213.)
  labels = torch.from_numpy(s.labels)
/home/fcse.santoshkumar/ich_windowing/ich_gen/datasets/common.py:171: UserWarning: The given NumPy array is not writable, and PyTorch does not support non-writable tensors. This means writing to this tensor will result in undefined behavior. You may want to copy the array to protect its data or make it writable before converting it to a tensor. This type of warning will be suppressed for the rest of this program. (Triggered internally at /__w/pytorch/pytorch/torch/csrc/utils/tensor_numpy.cpp:213.)
  labels = torch.from_numpy(s.labels)
/home/fcse.santoshkumar/ich_windowing/ich_gen/datasets/common.py:171: UserWarning: The given NumPy array is not writable, and PyTorch does not support non-writable tensors. This means writing to this tensor will result in undefined behavior. You may want to copy the array to protect its data or make it writable before converting it to a tensor. This type of warning will be suppressed for the rest of this program. (Triggered internally at /__w/pytorch/pytorch/torch/csrc/utils/tensor_numpy.cpp:213.)
  labels = torch.from_numpy(s.labels)
/home/fcse.santoshkumar/ich_windowing/ich_gen/datasets/common.py:171: UserWarning: The given NumPy array is not writable, and PyTorch does not support non-writable tensors. This means writing to this tensor will result in undefined behavior. You may want to copy the array to protect its data or make it writable before converting it to a tensor. This type of warning will be suppressed for the rest of this program. (Triggered internally at /__w/pytorch/pytorch/torch/csrc/utils/tensor_numpy.cpp:213.)
  labels = torch.from_numpy(s.labels)
/home/fcse.santoshkumar/ich_windowing/ich_gen/datasets/common.py:171: UserWarning: The given NumPy array is not writable, and PyTorch does not support non-writable tensors. This means writing to this tensor will result in undefined behavior. You may want to copy the array to protect its data or make it writable before converting it to a tensor. This type of warning will be suppressed for the rest of this program. (Triggered internally at /__w/pytorch/pytorch/torch/csrc/utils/tensor_numpy.cpp:213.)
  labels = torch.from_numpy(s.labels)
/home/fcse.santoshkumar/ich_windowing/ich_gen/datasets/common.py:171: UserWarning: The given NumPy array is not writable, and PyTorch does not support non-writable tensors. This means writing to this tensor will result in undefined behavior. You may want to copy the array to protect its data or make it writable before converting it to a tensor. This type of warning will be suppressed for the rest of this program. (Triggered internally at /__w/pytorch/pytorch/torch/csrc/utils/tensor_numpy.cpp:213.)
  labels = torch.from_numpy(s.labels)
/home/fcse.santoshkumar/ich_windowing/ich_gen/datasets/common.py:171: UserWarning: The given NumPy array is not writable, and PyTorch does not support non-writable tensors. This means writing to this tensor will result in undefined behavior. You may want to copy the array to protect its data or make it writable before converting it to a tensor. This type of warning will be suppressed for the rest of this program. (Triggered internally at /__w/pytorch/pytorch/torch/csrc/utils/tensor_numpy.cpp:213.)
  labels = torch.from_numpy(s.labels)
/home/fcse.santoshkumar/ich_windowing/ich_gen/datasets/common.py:171: UserWarning: The given NumPy array is not writable, and PyTorch does not support non-writable tensors. This means writing to this tensor will result in undefined behavior. You may want to copy the array to protect its data or make it writable before converting it to a tensor. This type of warning will be suppressed for the rest of this program. (Triggered internally at /__w/pytorch/pytorch/torch/csrc/utils/tensor_numpy.cpp:213.)
  labels = torch.from_numpy(s.labels)
/home/fcse.santoshkumar/ich_windowing/ich_gen/datasets/common.py:171: UserWarning: The given NumPy array is not writable, and PyTorch does not support non-writable tensors. This means writing to this tensor will result in undefined behavior. You may want to copy the array to protect its data or make it writable before converting it to a tensor. This type of warning will be suppressed for the rest of this program. (Triggered internally at /__w/pytorch/pytorch/torch/csrc/utils/tensor_numpy.cpp:213.)
  labels = torch.from_numpy(s.labels)
/home/fcse.santoshkumar/ich_windowing/ich_gen/datasets/common.py:171: UserWarning: The given NumPy array is not writable, and PyTorch does not support non-writable tensors. This means writing to this tensor will result in undefined behavior. You may want to copy the array to protect its data or make it writable before converting it to a tensor. This type of warning will be suppressed for the rest of this program. (Triggered internally at /__w/pytorch/pytorch/torch/csrc/utils/tensor_numpy.cpp:213.)
  labels = torch.from_numpy(s.labels)
/home/fcse.santoshkumar/ich_windowing/ich_gen/datasets/common.py:171: UserWarning: The given NumPy array is not writable, and PyTorch does not support non-writable tensors. This means writing to this tensor will result in undefined behavior. You may want to copy the array to protect its data or make it writable before converting it to a tensor. This type of warning will be suppressed for the rest of this program. (Triggered internally at /__w/pytorch/pytorch/torch/csrc/utils/tensor_numpy.cpp:213.)
  labels = torch.from_numpy(s.labels)
/home/fcse.santoshkumar/ich_windowing/ich_gen/datasets/common.py:171: UserWarning: The given NumPy array is not writable, and PyTorch does not support non-writable tensors. This means writing to this tensor will result in undefined behavior. You may want to copy the array to protect its data or make it writable before converting it to a tensor. This type of warning will be suppressed for the rest of this program. (Triggered internally at /__w/pytorch/pytorch/torch/csrc/utils/tensor_numpy.cpp:213.)
  labels = torch.from_numpy(s.labels)

loading baseline2 and WICL checkpoints (read-only) ...
loaded 191 BHSD-overlap RSNA patient id(s) to exclude, matching the bhsd_excluded training protocol
loading RSNA pool (first 20000 rows AFTER BHSD-overlap exclusion, the same pool baseline2/WICL were trained+validated on) to determine its patient set ...
  pool: 20000 slices, 11854 patients
loading RSNA rows [20000:23000] (post-exclusion ordering) as the candidate held-out subset ...
  candidate held-out: 3000 slices; 2009 removed for patient-ID overlap with the training pool; 991 remain patient-disjoint
  final held-out subset: 991 slices, 924 patients (patient-disjoint from the RSNA pool used to train/validate baseline2 and WICL, and never used in h1/h3's RSNA-internal-fold evaluation, which only used the fold-0 val split of the first 20000 rows)

perturbation grid: 25 points (scale in [0.85,1.15] x5, offset in [-60,60]HU x5) -- PROVISIONAL bounds, see module docstring

scoring baseline2 across the perturbation grid ...
    scored scale=0.850 offset=-60.0  n=991
    scored scale=0.850 offset=-30.0  n=991
    scored scale=0.850 offset=+0.0  n=991
    scored scale=0.850 offset=+30.0  n=991
    scored scale=0.850 offset=+60.0  n=991
    scored scale=0.925 offset=-60.0  n=991
    scored scale=0.925 offset=-30.0  n=991
    scored scale=0.925 offset=+0.0  n=991
    scored scale=0.925 offset=+30.0  n=991
    scored scale=0.925 offset=+60.0  n=991
    scored scale=1.000 offset=-60.0  n=991
    scored scale=1.000 offset=-30.0  n=991
    scored scale=1.000 offset=+0.0  n=991
    scored scale=1.000 offset=+30.0  n=991
    scored scale=1.000 offset=+60.0  n=991
    scored scale=1.075 offset=-60.0  n=991
    scored scale=1.075 offset=-30.0  n=991
    scored scale=1.075 offset=+0.0  n=991
    scored scale=1.075 offset=+30.0  n=991
    scored scale=1.075 offset=+60.0  n=991
    scored scale=1.150 offset=-60.0  n=991
    scored scale=1.150 offset=-30.0  n=991
    scored scale=1.150 offset=+0.0  n=991
    scored scale=1.150 offset=+30.0  n=991
    scored scale=1.150 offset=+60.0  n=991

scoring WICL across the perturbation grid ...
    scored scale=0.850 offset=-60.0  n=991
    scored scale=0.850 offset=-30.0  n=991
    scored scale=0.850 offset=+0.0  n=991
    scored scale=0.850 offset=+30.0  n=991
    scored scale=0.850 offset=+60.0  n=991
    scored scale=0.925 offset=-60.0  n=991
    scored scale=0.925 offset=-30.0  n=991
    scored scale=0.925 offset=+0.0  n=991
    scored scale=0.925 offset=+30.0  n=991
    scored scale=0.925 offset=+60.0  n=991
    scored scale=1.000 offset=-60.0  n=991
    scored scale=1.000 offset=-30.0  n=991
    scored scale=1.000 offset=+0.0  n=991
    scored scale=1.000 offset=+30.0  n=991
    scored scale=1.000 offset=+60.0  n=991
    scored scale=1.075 offset=-60.0  n=991
    scored scale=1.075 offset=-30.0  n=991
    scored scale=1.075 offset=+0.0  n=991
    scored scale=1.075 offset=+30.0  n=991
    scored scale=1.075 offset=+60.0  n=991
    scored scale=1.150 offset=-60.0  n=991
    scored scale=1.150 offset=-30.0  n=991
    scored scale=1.150 offset=+0.0  n=991
    scored scale=1.150 offset=+30.0  n=991
    scored scale=1.150 offset=+60.0  n=991

=== Table VII grid (scale, offset, AUROC/sensitivity, both conditions) ===
  scale  offset   b2_AUROC  wicl_AUROC   b2_sens  wicl_sens  b2_EDHsens wicl_EDHsens
  0.850   -60.0     0.5633      0.7824    0.0071     0.1143      0.0000       0.0000
  0.850   -30.0     0.6033      0.9182    0.0214     0.6286      0.0000       0.0000
  0.850     0.0     0.9018      0.9411    0.6643     0.6857      0.0000       0.0000
  0.850    30.0     0.9080      0.9503    0.6143     0.7357      0.0000       0.0000
  0.850    60.0     0.8267      0.9043    0.3643     0.5357      0.0000       0.0000
  0.925   -60.0     0.5787      0.8043    0.0000     0.1929      0.0000       0.0000
  0.925   -30.0     0.6441      0.9253    0.0429     0.6643      0.0000       0.0000
  0.925     0.0     0.9121      0.9430    0.7000     0.6929      0.0000       0.0000
  0.925    30.0     0.9052      0.9495    0.6000     0.7500      0.0000       0.0000
  0.925    60.0     0.8236      0.9066    0.3357     0.5571      0.0000       0.0000
  1.000   -60.0     0.5866      0.8208    0.0000     0.2643      0.0000       0.0000
  1.000   -30.0     0.7013      0.9293    0.0714     0.6929      0.0000       0.0000
  1.000     0.0     0.9221      0.9443    0.7500     0.7071      0.0000       0.0000
  1.000    30.0     0.9003      0.9485    0.5214     0.7357      0.0000       0.0000
  1.000    60.0     0.8252      0.9105    0.3000     0.5714      0.0000       0.0000
  1.075   -60.0     0.5933      0.8420    0.0000     0.3286      0.0000       0.0000
  1.075   -30.0     0.7438      0.9315    0.1214     0.7143      0.0000       0.0000
  1.075     0.0     0.9319      0.9455    0.7571     0.7214      0.0000       0.0000
  1.075    30.0     0.8904      0.9464    0.4929     0.7071      0.0000       0.0000
  1.075    60.0     0.8294      0.9141    0.2857     0.5714      0.0000       0.0000
  1.150   -60.0     0.5986      0.8587    0.0000     0.3571      0.0000       0.0000
  1.150   -30.0     0.7715      0.9324    0.1929     0.7071      0.0000       0.0000
  1.150     0.0     0.9371      0.9461    0.7643     0.7143      0.0000       0.0000
  1.150    30.0     0.8808      0.9431    0.4429     0.7000      0.0000       0.0000
  1.150    60.0     0.8294      0.9186    0.2714     0.5857      0.0000       0.0000

=== H4 TEST: mean AUROC degradation at the 4 most severe corner perturbations [(0.85, -60.0), (0.85, 60.0), (1.15, -60.0), (1.15, 60.0)], relative to identity (scale=1.0, offset=0.0), baseline2 vs WICL ===
baseline2: identity AUROC=0.9221  mean corner degradation=+0.2360
wicl:      identity AUROC=0.9443  mean corner degradation=+0.0829
observed diff (baseline2_deg - wicl_deg), >0 => baseline2 degrades more (consistent with H4): +0.1531

running 1000-resample patient-level bootstrap (single shared resample per replicate across both conditions and all grid points, since all cells share the identical underlying held-out sample set -- a genuinely PAIRED comparison, unlike H1/H3's cross-site independent-sample bootstrap) ...

baseline2 mean corner degradation: +0.2360 95% CI (0.19431762258975405, 0.27454271365238364)
wicl mean corner degradation:      +0.0829 95% CI (0.05979829526791064, 0.10708999530131504)
two-sided bootstrap p-value: 0.0000 (0/1000 degenerate replicates dropped)
RESULT: baseline2 degrades SIGNIFICANTLY MORE than WICL under the synthetic HU-recalibration stress test -- consistent with H4.

saved runs/baselines_bhsd_excluded/h4_hu_recalibration_stress_test_result.json

